"key","en","fr","it","ja","ko","es","pt_BR","pl","de","ru","uk","zh_CN"
"SITE_THIS_LANGUAGE","English","Français","Italiano","にほんご","한국어","Español","Português brasileiro","Polski","Deutsch","Русский","Українська",""
"SITE_NAV_HOME","Home","Accueil","Home","Home","Home","Inicio","Início","Strona główna","Startseite","Главная","Головна",""
"SITE_NAV_ABOUT","About","À propos","Info","About","About","Acerca de","Sobre","Informacje","Über","О нас","Про нас",""
"SITE_NAV_FAQ","FAQ","FAQ","FAQ","FAQ","FAQ","Preguntas frecuentes","Perguntas Frequentes","FAQ","FAQ","FAQ","FAQ",""
"SITE_NAV_DOWNLOAD","Download","Télécharger","Download","Download","Download","Descarga","Download","Pobierz","Download","Скачать","Завантажити",""
"SITE_NAV_CREDITS","Credits","Crédits","Crediti","Credits","Credits","Créditos","Créditos","Twórcy","Credits","Авторы","Автори",""
"SITE_FOOTER_SOCIAL","Social Media","Réseaux sociaux","Social network","SNS","SNS","Redes sociales","Redes Sociais","Media społecznościowe","Social Media","Соцсети","Соцмережі",""
"SITE_FOOTER_DISCLAIMER","Disclaimer: MOTHER: Encore is a fan made project, and is in no way affiliated, associated, authorized, endorsed by, or in any way officially connected with Nintendo, Shigesato Itoi, HAL Laboratory, Inc., or any of its subsidiaries or its affiliates.","Avertissement : MOTHER: Encore est un projet réalisé par des fans. Il n’est nullement associé, soutenu, autorisé ou relié d’une quelconque façon à Nintendo, Shigesato Itoi, HAL Laboratory, Inc., ainsi que leurs filiales et partenaires.","Attenzione: MOTHER: Encore è un progetto amatoriale. Non è in alcun modo affiliato, associato, autorizzato, approvato né ufficialmente collegato a Nintendo, Shigesato Itoi, HAL Laboratory, Inc. e a nessuna loro società sussidiaria o associata.","注意：MOTHER：ENCOREは二次創作のプロジェクトであり、任天堂、糸井重里、HAL研究所、また その子会社や関連会社とは一切関係ありません。","주의 사항: MOTHER: Encore는 팬 프로젝트이며 닌텐도, 이토이 시게사토, HAL 연구소 또는 그 자회사 또는 그 계열사와 공식적인 제휴, 연관, 지지, 승인 등을 포함한 그 어떠한 방식으로도 연결되지 않았습니다.","Aviso legal: MOTHER: Encore es un proyecto hecho por fans, y no está de ninguna manera afiliado, asociado, autorizado, respaldado o de alguna manera conectado oficialmente con Nintendo, Shigesato Itoi, HAL Laboratory, Inc. o cualquiera de sus subsidiarias o filiales.","Aviso legal: MOTHER: Encore é um projeto feito por fãs e não é de nenhuma forma afiliado, associado, autorizado, patrocinado ou conectado oficialmente à Nintendo, Shigesato Itoi, HAL Laboratory, Inc. ou a alguma de suas subsidiárias ou afiliadas.","Oświadczenie: MOTHER: Encore jest projektem stworzonym przez fanów i nie jest w żaden sposób powiązany, zrzeszony, autoryzowany, wspierany ani w żaden sposób oficjalnie powiązany z Nintendo, Shigesato Itoi, HAL Laboratory, Inc. ani żadną z ich spółek zależnych lub stowarzyszonych.","Hinweis: MOTHER: Encore ist ein Fan-Projekt und in keinster Weise mit Nintendo, Shigesato Itoi, HAL Laboratory, Inc. oder einer ihrer Tochtergesellschaften bzw. Partnerunternehmen zusammen, assoziiert, autorisiert, gebilligt oder in irgendeiner Art, offiziell mit ihnen verbunden.","Внимание: MOTHER: Encore — это фанатский проект, который не лицензирован, не ассоциирован, не авторизован и не одобрен Nintendo, Сигэсато Итои, HAL Laboratory, Inc. или какими-либо другими дочерними компаниями и аффилированными лицами и никаким образом с ними не связан.","Увага: MOTHER: Encore — фанатський проєкт, який ніяк не пов'язаний, авторизований, схвалений, чи будь-яким чином підтриманий Nintendo, Сигесато Ітоєм, HAL Laboratory, Inc., або кимсь з їх дочірніх компаній чи афійілованих осіб.",""
"SITE_HOME_HEADLINE","Get ready to see a whole new spin on the beloved classic!","Préparez-vous à redécouvrir un grand classique sous un nouveau jour !","Preparati a rivivere un capolavoro sotto una nuova luce!","あの名作がよみがえる！","사랑받던 명작이 되살아난다!","¡Prepárate para redescubrir el tan amado clásico!","Prepare-se para uma incrível releitura de um amado clássico!","Przygotuj się na zupełnie nowe spojrzenie na uwielbiany klasyk!","Freue dich auf eine völlig neue Interpretation des beliebten Klassikers!","Приготовьтесь по-новому взглянуть на любимую классику! ","Приготуйтеся побачити улюблену классику зовсім по-новому!",""
"SITE_HOME_INTRO_1","This is MOTHER: Encore! A Reimagining of the original NES game. Featuring tons of fixes, additions and twists on the classic game!","Voici MOTHER: Encore ! Une réinterprétation du jeu NES original. Avec son lot de correctifs, de nouveautés et de rebondissements inattendus !","Ecco MOTHER: Encore! Una rivisitazione dell’originale gioco per NES. Presenta un mucchio di accorgimenti, aggiunte e cambiamenti al classico gioco che avete conosciuto!","MOTHER：ENCOREは　あの名作、ファミリーコンピュータ：MOTHERに 新たなアレンジを加え、より鮮やかにリメイクしました！　勇気と友情、そして愛。　あの冒険を再び！","MOTHER: Encore는 패미컴 시절의 명작을 재해석한 작품으로, 수많은 요소로 가득 찬 세계를 만들어 냈습니다.","¡Esto es MOTHER: Encore! Una reimaginación del juego original de NES. ¡Con un montón de arreglos, añadidos y giros respecto al clásico!","Isto é MOTHER: Encore! Uma reimaginação do jogo clássico para NES adicionando vários ajustes, novidades e reviravoltas!","Oto MOTHER: Encore! Odświeżona wersja oryginalnej gry na NES-a. Zawiera mnóstwo ulepszeń, dodatków i zmian w porównaniu do klasycznej gry!","Dies ist MOTHER: Encore! Eine Neuinterpretation des ursprünglichen NES-Spiels. Mit gewaltigen Korrekturen, Ergänzungen und Twists des Klassikers!","Это — MOTHER: Encore! Переосмысление оригинальной игры для NES со множеством исправлений, дополнений и улучшений!","Це — MOTHER: Encore! Переосмислення оригінальної гри з NES з купою виправлень, доповнень та інших змін класичної гри!",""
"SITE_HOME_INTRO_2","Join Ninten, Ana, Lloyd, Teddy and some crazy redhead on a journey across America! On a quest to collect the Eight Melodies for Queen Mary, and to stop the heinous Giegue from imprisoning humanity! Get ready to explore new dungeons, play with new game mechanics, listen to Ninten’s Walkman, talk to new people and battle new enemies in this celebration of the game that started it all.","Rejoignez Ninten, Ana, Lloyd, Teddy et une petite fille rousse déjantée dans un voyage à travers l’Amérique ! Suivez-les dans leur quête afin de collecter les Huit Mélodies pour la reine Mary et empêcher le terrible Giygas d’asservir l’humanité. Préparez-vous à explorer de nouveaux donjons, à découvrir de nouvelles mécaniques de jeu, à écouter le Walkman de Ninten, à parler à de nouveaux personnages et à affronter de nouveaux ennemis dans cet hommage au jeu par lequel tout a commencé.","Unisciti a Ninten, Ana, Lloyd, Teddy e una folle ragazzina dai capelli rossi in un viaggio attraverso l’America! Recupera le Otto Melodie della Regina Mary e impedisci al crudele Giegue di imprigionare l’umanità! Preparati a esplorare nuovi dungeon, sperimentare nuove meccaniche di gioco, ascoltare il Walkman di Ninten, parlare con nuova gente e affrontare nuovi nemici in questa celebrazione del gioco che ha dato origine a tutto.","ニンテン、アナ、ロイド、テディ、そしてゴーイングマイウェイな赤毛の女の子と共に、アメリカを横断する旅に出発だ！　クイーンマリーのために8つのメロディーを集めて、地球侵略を企むギーグから世界を救う大冒険へ！　新しいダンジョン、新しい敵、新ギミックに、新たなBGM、前にはいなかった人々との会話。　さまざまなニューコンテンツが きみを待っているよ！","닌텐, 아나, 로이드, 테디 그리고 미친 빨간 머리와 함께 미국을 횡단하는 여행에 함께 하세요! 메리 여왕의 명을 받아 여덟 개의 멜로디를 모으고, 사악한 기그로부터 인류를 지켜주세요! 새로운 던전을 탐험하고, 새로운 게임 메카닉을 가지고 놀고, 새로운 음악을 들으며, 새로운 인물들과 대화하고, 새로운 적들과 싸울 준비를 하세요.","¡Únete a Ninten, Ana, Lloyd, Teddy y a una loca pelirroja en un viaje a través de América! En búsqueda de las Ocho Melodías para la Reina Mary, ¡y para impedir que el cruel Giegue aprisione a la humanidad! Prepárate para explorar nuevas mazmorras, jugar con las nuevas mecánicas, escuchar el Walkman de Ninten, hablar con nuevas personas y luchar contra nuevos enemigos en este homenaje al juego que lo empezó todo.","Junte-se a Ninten, Ana, Lloyd, Teddy e uma ruiva doidinha numa jornada através da América para reunir todas as Oito Melodias para a Rainha Mary e impedir o malvado Giegue de aprisionar toda a humanidade! Prepare-se para explorar novas masmorras, usar novas mecânicas, escutar o walkman do Ninten, conhecer novas pessoas e batalhar contra novos inimigos nesta celebração do jogo que deu origem a tudo!","Dołącz do Nintena, Any, Lloyda, Teddy’ego i pewną szaloną rudowłosą w podróży przez Amerykę! W misji zebrania Ośmiu Melodii dla Królowej Marii i powstrzymania nikczemnego Giegue’a przed zniewoleniem ludzkości! Przygotuj się na odkrywanie nowych lokacji, zabawę z nowymi mechanikami gry, słuchanie walkmana Nintena, rozmowy z nowymi ludźmi i walkę z nowymi wrogami w tej celebracji gry, od której wszystko się zaczęło.","Begleite Ninten, Ana, Lloyd, Teddy und eine verrückte Rothaarige auf eine Reise quer durch Amerika! Auf der Suche nach acht Melodien für Königin Mary, und um den abscheulichen Giygas daran zu hindern, die Menschheit in Gefangenschaft zu nehmen! Mach dich bereit, neue Dungeons zu erforschen, mit neuen Mechaniken zu spielen, Nintens Walkman zu hören, mit neuen Leuten zu sprechen und neue Feinde zu bekämpfen; in dieser Zelebrierung des Spiels, mit dem alles begann.","Присоединяйтесь к Нинтену, Ане, Ллойду, Тедди и какой-то рыжей сумасшедшей девочке, чтобы обойти всю Америку! Отправляйтесь на поиски восьми мелодий для королевы Мэри и не дайте ужасному Гийгасу захватить человечество! Приготовьтесь исследовать новые подземелья, знакомиться с новыми механиками, слушать плеер Нинтена, общаться с новыми людьми и сражаться с новыми противниками в игре, отдающей честь классике, с которой всё началось.","Приєднайтеся до Нінтена, Ани, Ллойда, Тедді та якоїсь божевільної рудої дівчинки у подорожі через Америку! З метою зібрати Вісім Мелодій для Королеви Мері і щоб запобігти поневолення людства жахливим Гійгасом! Приготуйтеся відкрити нові локації, випробувати нові ігрові механіки, послухати Walkman Нінтена, поговорити з новими людьми і змагатися з новими ворогами у цьому святкуванні гри, з якої усе почалось.",""
"SITE_HOME_CAST","Cast","Les personnages","Personaggi","Cast","등장인물","Reparto","Elenco","Obsada","Charaktere","В ролях","В ролях",""
"SITE_HOME_NINTEN_TITLE","Ninten","Ninten","Ninten","ニンテン","닌텐","Ninten","Ninten","Ninten","Ninten","Нинтен","Нінтен",""
"SITE_HOME_NINTEN_1","This is you! A boy from Podunk with a hand for baseball and a burning drive to uncover the mystery about his missing great-grandparents. Ninten’s favourite thing after a busy day is to go home, tuck into some prime ribs, and play Penguin Bonanza on his NES.","C’est vous ! Un jeune garçon de Podunk avec un certain talent pour le baseball et un désir brûlant, celui d’élucider le mystère de la disparition de ses arrière-grands-parents. Après une journée bien remplie, Ninten aime tout particulièrement retrouver sa maison, savourer une délicieuse côte de bœuf et jouer à Penguin Bonanza sur sa NES.","Sei tu! Un ragazzo di Podunk con la passione per il baseball un ardente desiderio di svelare il mistero della scomparsa dei suoi bisnonni. Dopo una giornata impegnativa, Ninten ama tornare a casa, divorare un po’ costolette e giocare a Penguin Bonanza sul suo NES.","今作の主人公だ！　野球好きな マザーズデイ出身の少年だよ！ 昔の事件で行方不明になった 曽祖父母の謎を解き明かそうと、色々と情報を調べている。　ニンテンの一日の楽しみは、野球でくたくたになったあと 家に帰って 夕食にプライムリブを食べて、そのあとにファミコンをプレイすることなんだ。","당신입니다! 야구를 좋아하는 마더즈데이의 평범한 소년으로, 실종된 증조부모님에 대한 미스터리를 알아내기 위해 모험을 하고 있습니다. 바쁜 여행 후에는 집으로 돌아가 소갈비를 뜯으며, NES로 펭귄 라이더를 하는 것이 소소한 낙입니다.","¡Eres tú! Un chico de Podunk con buena mano para el béisbol y un ferviente deseo por resolver el misterio de sus bisabuelos desaparecidos. Lo que más le gusta a Ninten tras un largo día es comer costillas y jugar a Penguin Bonanza en su NES.","É você! Um menino da cidade de Boa Mãe, jogador de beisebol, com um desejo ardente de descobrir o mistério de seus bisavós desaparecidos. A coisa que Ninten mais gosta de fazer depois de um longo dia é chegar em casa, comer uma bela costeleta e jogar Penguin Bonanza no seu Nintendinho.","To ty! Chłopak z Podunk z zacięciem do baseballu i zapałem do odkrycia tajemnicy zaginionych pradziadków. Po ciężkim dniu Ninten najchętniej wraca do domu, zajada się żeberkami i gra w Penguin Bonanza na swoim NES-ie.","Das bist du! Ein Junge aus Podunk mit einem Händchen für Baseball und dem brennenden Wunsch, das Geheimnis um seine verschwundenen Urgroßeltern zu lüften. Nintens Lieblingsbeschäftigung nach einem anstrengenden Tag ist es, nachhause zu gehen, erstklassigen Rostbraten zu essen und Penguin Bonanza auf seinem NES zu spielen.","Это ты! Мальчик из Поданка, увлекающийся бейсболом и жаждущий раскрыть тайну пропажи прабабушки и прадедушки. После тяжёлого дня Нинтен любит прийти домой, поесть рёбрышек и сыграть в Penguin Bonanza на своей NES.","Це ви! Хлопчик з Поданку з захопленням до бейсболу і запальним поривом розкрити таємницю його загублених прабабусі і прадідуся. Після важкого дня, улюблена справа Нінтена — прийти додому, перекусити смаженими реберцями і зіграти у Penguin Bonanza на своїй NES.",""
"SITE_HOME_NINTEN_2","All hope of uncovering what happened to his great-grandparents were lost *until he found a certain diary...*","Tout espoir de découvrir ce qui était advenu de ses arrière-grands-parents semblait perdu, *jusqu’à ce qu’il trouve un certain journal…*","Tutte le speranze di scoprire cosa fosse successo ai suoi bisnonni erano sfumate, *finché non ha trovato un certo diario...*","とつぜん 家を怪奇現象が襲ったある日 古ぼけた日記を地下室で見つけたんだ！ その時、知らない人だけど　なぜか懐かしい声が聞こえてきた・・・。　その瞬間、僕の中に秘められていた力が湧いてくるのを感じたんだ。　きっとこれから 想像もできない大冒険が始まるんだろうな！","그의 증조부모에게 무슨 일이 일어났는지는 영원히 알 수 없었습니다. *그가 어떤 일기를 발견하기 전까지는...*","Toda esperanza de descubrir lo ocurrido con sus bisabuelos estaba perdida *hasta que encontró cierto diario...*","Todas as esperanças de descobrir o que aconteceu com os seus bisavós se foram *até que ele encontrou um certo diário...*","Cała nadzieja na odkrycie, co stało się z jego pradziadkami, przepadła, *dopóki nie znalazł pewnego pamiętnika...*","Jede Hoffnung herauszufinden was mit seinen Urgroßeltern geschah, war verloren *bis er ein bestimmtes Tagebuch fand ...*","Он уже думал, что никогда не узнает, что произошло с прабабушкой и прадедушкой, *пока не обнаружил некий дневник*...","Він був впевнений, що ніколи не дізнається про долю своїх прабабусі та прадідуся, *доки не знайшов загадковий щоденник...*",""
"SITE_HOME_LLOYD_TITLE","Lloyd","Lloyd","Lloyd","ロイド","로이드","Lloyd","Lloyd","Lloyd","Lloyd","Ллойд","Ллойд",""
"SITE_HOME_LLOYD_1","On the surface he seems to be a cowardly nerd, but Lloyd isn’t ready to give up on adventure! Thanks to an interest in machinery and electronics, Lloyd is more than capable of fighting alongside his friends in battle with his deadly cool weapons in tow.","À première vue, il ne semble être qu’un geek un peu poltron, mais Lloyd n’est pas du genre à se dégonfler quand il s’agit de partir à l’aventure ! Son intérêt pour la mécanique et l’électronique le rend capable de se battre aux côtés de ses amis, armé de son arsenal de gadgets aussi épatants que redoutables.","A prima vista può sembrare un secchione codardo, ma Lloyd non intende rinunciare all’avventura! Grazie alla passione per i macchinari e l’elettronica, Lloyd è più che capace di combattere al fianco dei suoi amici sfoggiando le sue micidiali armi.","ぱっと見 内気で臆病な少年のロイド。　でも彼は 内に秘める冒険心がある心強い友達なんだ！　機械にとても強い特技をちからにして、仲間たちと一緒に 色々な工作した武器を手に ゆうかんに敵に立ち向かうぞ！　　","겉으로 보기에는 고지식한 괴짜처럼 보이지만, 이 허무맹랑한 모험을 포기할 생각은 전혀 없습니다! 기계와 전자제품에 관한 관심 덕에 그는 치명적이면서도 멋진 무기들을 가지고 전투에 임합니다.","A primera vista, parece solo un nerd cobarde, pero cuando se trata de aventuras, Lloyd no es de los que se acobardan. Gracias a su interés en la maquinaria y la electrónica, Lloyd es más que capaz de luchar en batalla junto a sus amigos acompañado de sus armas tan impresionantes como mortíferas.","À primeira vista, parece um nerd moloide, mas Lloyd nunca desiste de uma aventura! Graças a seu interesse por máquinas e eletrônicos, Lloyd é mais do que capaz de lutar lado a lado com seus amigos em batalha usando suas armas mortíferas maneiras.","Z pozoru wydaje się być tchórzliwym kujonem, ale Lloyd nie jest gotowy, by zrezygnować z przygody! Dzięki zainteresowaniu maszynami i elektroniką, Lloyd jest bardziej niż zdolny do walki u boku swoich przyjaciół w bitwie ze swoją zabójczo fajną bronią.","Oberflächlich betrachtet scheint er ein feiger Nerd zu sein, aber Lloyd ist nicht bereit das Abenteuer aufzugeben! Dank seiner Interesse an Maschinen und Elektronik ist Lloyd mehr als fähig, an der Seite seiner Freunde mit seinen tödlich coolen Waffen in die Schlacht zu ziehen.","Это только кажется, что он трусливый ботан, — на деле Ллойд вовсе не боится новых приключений! Благодаря своему интересу к технике и электронике он может сражаться бок о бок со своими друзьями, имея при себе крутое смертоносное оружие.","З першого погляду здається, що Ллойд — полохливий ботанік, але насправді він зовсім не збирається уникати нових пригод! Завдяки інтересу до техніки та електроніки він цілком здатний боротися пліч-о-пліч зі своїми друзями, маючи при собі найкрутішу зброю.",""
"SITE_HOME_LLOYD_2","Lloyd spent many years suffering bullying, *but all it takes is a friend to come along to unlock his potential.*","Lloyd a pendant de longues années subi les moqueries de ses camarades d’école, *mais parfois, il suffit d’un ami pour prendre conscience de son potentiel.*","Lloyd ha sofferto il bullismo per tanti anni, *ma basta un vero amico per sbloccare tutto il suo potenziale.*","僕はずっと 同級生たちからいじめられていた。　でもごみばこに隠れてた僕の目の前に とつぜん現れた ニンテンと出会ってから、すこしずつ自信を持てるようになったんだ。","그는 일평생 괴롭힘에 지쳐가고 있었습니다. *닌텐과 그 친구들이 자신의 잠재력을 알아주기 전까지는...*","Lloyd pasó muchos años sufriendo bullying, *pero solo le hace falta un amigo para liberar su potencial.*","Lloyd passou muitos anos sofrendo bullying, *mas tudo que ele precisava era de um amigo para desbloquear seu verdadeiro potencial.*","Lloyd przez wiele lat cierpiał z powodu prześladowań, *ale wystarczy, że pojawi się przyjaciel, który uwolni jego potencjał.*","Lloyd hat viele Jahre lang unter Mobbing gelitten, *aber alles was er braucht, ist ein Freund, der sein Potenzial freisetzt.*","Ллойд долгие годы подвергался травле со стороны одноклассников, *но всё, что было нужно, — это друг, который раскроет весь его потенциал*.","Ллойд довгі роки був жертвою цькування з боку однолітків, *але все, що знадобиться для розкриття його потенціалу – новий друг.*",""
"SITE_HOME_ANA_TITLE","Ana","Ana","Ana","アナ","아나","Ana","Ana","Ana","Ana","Ана","Ана",""
"SITE_HOME_ANA_1","A polite young girl from Snowman. She’s armed with a huge array of offensive psi attacks along with many ways to assist in battle. Since her beloved mother has gone missing, Ana will do anything to find her.","Une jeune fille très distinguée, originaire de Snowman. Elle maîtrise un grand éventail de pouvoirs PSI offensifs et possède également des compétences de soutien. Sa mère bien-aimée ayant disparu, Ana est prête à tout pour la retrouver.","Un’educata ragazzina di Snowman. È armata di un vasto arsenale di attacchi PSI e tanti modi di fornire supporto in battaglia. La sua amata mamma è scomparsa, per cui Ana farà l’impossibile per ritrovarla.","アナは スノーマンの町に住む、こころやさしい少女。戦いでは ニンテンが使えないような アブナイ強力な攻撃PSIを覚えるぞ。　行方不明になった大切なママを探すため、ニンテン達の冒険についていくことになる。　こころやさしい彼女でも みんなを守るためならば 敵に容赦はしない芯の強さも持っているんだ。","땡스기빙데이에서 온 예의 바른 소녀입니다. 순수해 보이는 눈동자 속에는 공격적인 PSI 공격으로 무장하고 있습니다. 실종된 엄마를 찾기 위해서라면 갖은 난관이 있더라도 포기하지 않을 겁니다.","Una chica educada proveniente de Snowman. Está armada con una gran variedad de ataques PSI ofensivos, además de muchas formas de ayudar en la batalla. Desde que su querida madre desapareció, hará cualquier cosa por encontrarla.","Um amor de menina que vive em Snowman. Possui um grande arsenal de ataques psíquicos ofensivos e muitas formas de ajudar em batalha. Desde que sua querida mãe desapareceu, Ana fará qualquer coisa para encontrá-la.","Uprzejma, młoda dziewczyna ze Snowman. Jest wyposażona w ogromny wachlarz ofensywnych ataków psi, a także wiele sposobów na pomoc w walce. Ponieważ jej ukochana matka zaginęła, Ana zrobi wszystko, by ją odnaleźć.","Ein höfliches junges Mädchen aus Snowman. Sie ist mit einer Vielzahl von offensiven Psi-Angriffen bewaffnet und verfügt über viele Möglichkeiten, im Kampf zu helfen. Seit ihre geliebte Mutter verschwunden ist, tut Ana alles um sie zu finden.","Вежливая девочка из города Сноумэна. Она владеет огромным набором психоатак и всегда готова выручить тебя в битве. С тех пор как её любимая мама пропала, Ана готова пойти на всё, чтобы отыскать её.","Ввічлива дівчинка з міста Сноумен. Вона має величезний набір психокінетичних атак і завжди готова виручити в бою. З того часу, як зникла її улюблена матуся, Ана готова на все, щоб її відшукати.",""
"SITE_HOME_ANA_2","Ana discovered her powers at a young age and has tried to repress them ever since, but when adventure calls, *she must make the decision on whether to use them.*","Ana a découvert ses pouvoirs à son plus jeune âge, et depuis, elle a toujours tenté de les réprimer. Mais quand l’aventure l’appelle, *il est peut-être temps pour elle de prendre une décision.*","Ana scoprì i suoi poteri in tenera età e da allora ha sempre cercato di reprimerli, ma quando l’avventura chiama, *deve prendere coraggio e scatenarli.*","わたしは小さいころから 自分の力を隠してきた、この力は簡単に人を傷つけられる力だから。　でも過酷な冒険に出るのなら 自分の力を隠すのをやめて、みんなのために使うことを 決意しないとね。","아나는 어린 나이에 발견한 힘을 지금껏 억누르며 살아왔지만, *이제 그 힘을 사용할지 결정을 내려야 합니다.*","Ana descubrió sus poderes a una edad temprana y ha intentado reprimirlos desde entonces, pero cuando la aventura llama, *debe decidir si usarlos o no.*","Ana descobriu seus poderes numa idade muito jovem e tentou reprimi-los desde então, mas quando a aventura chama, *ela precisa decidir se deve usá-los ou não.*","Ana odkryła swoje moce w młodym wieku i od tego czasu próbowała je stłumić, ale kiedy przygoda wzywa, *musi podjąć decyzję, czy ich użyć, czy nie.*","Ana entdeckte ihre Kraft in jungen Jahren und hat seitdem versucht sie zu unterdrücken. Aber wenn das Abenteuer ruft, *muss sie die Entscheidung treffen, ob sie sie einsetzen will.*","Ана узнала о своих способностях ещё в раннем детстве и с тех пор пытается их сдерживать — но в преддверии важного приключения *ей стоит задуматься о том, чтобы дать им волю*.","Ана дізналася про свої здібності ще в ранньому дитинстві і завжди намагалась їх стримувати — але напередодні тяжкої ​​пригоди *їй варто замислитися про те, щоб дати їм волю.*",""
"SITE_HOME_TEDDY_TITLE","Teddy","Teddy","Teddy","テディ","테디","Teddy","Teddy","Teddy","Teddy","Тедди","Тедді",""
"SITE_HOME_TEDDY_1","A knife-wielding, tobacco chewing gang leader from the big city! No enemy stands a chance against the king of the Black Bloods. Along with years of crime and fighting to back up his threatening looks, he’s never without his trusty knife on standby.","Un chef de gang de la grande ville, manieur de couteau et mâcheur de tabac ! Aucun adversaire n’a la moindre chance face au roi des Big Bads. Réputé pour son allure menaçante et les années de criminalité à son actif, il ne se sépare jamais de son fidèle couteau.","Brandisce un coltello, mastica tabacco ed è il leader di una gang della grande città. Nessun nemico può tenere testa al re dei Black Blood. Oltre ad anni di criminalità e risse per non perdere la sua aria da duro, non lo si è mai visto senza il suo fidato e impaziente coltello.","ナイフとタバコ好きな大都会のギャングのリーダー！このブラックブラッドのボスに適うものはないだろう！威圧的な見た目と長年の戦闘経験を備え、常にナイフも懐から取り出す覚悟はしている。","담배를 문 채, 칼을 휘두르고 다니는 갱단의 우두머리! 어떤 적도 이 블랙 블러드의 보스에게 상처조차 줄 수 없습니다. 위압적인 외모와 오랜 전투 경험을 갖췄으며, 언제든지 칼을 뽑을 준비를 하고 있습니다.","El jefe de una banda de la gran ciudad que masca tabaco y empuña cuchillos. No hay enemigo que se le resista al rey de los Black Blood. Además de sus años de crímenes y lucha para realzar su aspecto amenazador, nunca le puede faltar su fiel cuchillo.","Líder de gangue da cidade grande, ele carrega uma faca e vive mascando tabaco. Os inimigos não têm nenhuma chance contra o rei dos Sangue Pretos. Junto com anos de brigas e crimes para manter sua reputação intimidadora, ele nunca sai de casa sem sua fiel faca.","Uzbrojony w nóż, żujący tytoń przywódca gangu z wielkiego miasta! Żaden wróg nie ma szans z królem gangu Czarnej Krwi. Wraz z latami przestępstw i walki, aby poprzeć swój groźny wygląd, nigdy nie jest bez swojego zaufanego noża w gotowości.","Ein messerschwingender, Tabak kauender Bandeboss aus der Großstadt! Kein Feind hat eine Chance gegen den König der Black Bloods. Neben jahrelanger Verbrechens- und Kampferfahrung, die sein bedrohliches Aussehen untermauern, ist er nie ohne sein treues Messer zu finden.","Главарь банды из большого города — всегда с ножиком в руке и табаком под губой! Ни один противник не устоит перед королём банды Чернокровов! Известный своей грозной внешностью и многолетним криминальным опытом, он никогда не расставался со своим верным ножом.","Озброєний ножем та жуючий тютюн ватажок банди з великого міста! Жоден ворог не має шансів проти короля Чорнокровок. Свій загрозливий вигляд, підкріплений роками злочинів і бійок, він завжди доповнює вірним ножиком на поготові.",""
"SITE_HOME_TEDDY_2","Though... he wasn’t always like this. *Maybe he isn’t rotten to the core.*","Mais… il n’a pas toujours été comme ça. *Peut-être qu’il y a encore du bon en lui.*","Anche se... non è sempre stato così. *Forse non è marcio fino al midollo.*","しかし・・・彼はずっとこうだったわけではない。芯まで腐っていないかもしれない。","그래도... 늘 이랬던 사람은 아녔습니다. *속까지 썩지는 않았을 거예요.*","Aunque... no siempre fue así. *Puede que no esté podrido hasta la médula.*","Mas... ele nem sempre foi desse jeito. *Talvez, lá no fundo, ele não uma pessoa ruim.*","Chociaż... nie zawsze taki był. *Może nie jest zepsuty do szpiku kości.*","Wobei ... das war nicht immer so. *Vielleicht ist er nicht durch und durch verdorben.*","Хотя... он не всегда был таким. *Может, он не такой уж и гнилой человек*.","Хоча... не завжди таким був. *Можливо, він не настільки гнилий до кісток.*",""
"SITE_HOME_GALLERY","Gallery","Galerie","Galleria","ギャラリー","갤러리","Galería","Galeria","Galeria","Gallerie","Галерея","Галерея",""
"SITE_ABOUT_TITLE","So, what *is* MOTHER: Encore?","Alors, c’est *quoi*, MOTHER: Encore ?","Allora, *cosa* è MOTHER: Encore?","MOTHER：ENCOREとは？","MOTHER: Encore란?","Entonces, ¿qué *es* MOTHER: Encore?","Então, o que *é* MOTHER: Encore?","Czym zatem *jest* MOTHER: Encore?","Also, was *ist* MOTHER: Encore?","Итак, *что такое* MOTHER: Encore? ","Так, чим *саме* є MOTHER: Encore?",""
"SITE_ABOUT_BODY_1","A re-imagining of MOTHER with all new content, tweaks and remastered visuals. The soundtrack features remakes from the original game along with brand new pieces! The battle system is also built from the ground up to give each battle a more polished experience. The story adds more depth to the characters you love. The maps have no dead-ends or pesky mazes, and the world is filled with countless little touches to really bring Eagleland to life.","Une réinterprétation de MOTHER avec du contenu entièrement nouveau, de nombreux ajustements et des graphismes intégralement refaits. La bande-son inclut des réarrangements des thèmes du jeu original ainsi que de toutes nouvelles compositions ! Le système de combat est revu de fond en comble pour offrir une expérience plus aboutie. L’histoire apporte plus de profondeur aux personnages que vous aimez. Oubliez les impasses et autres labyrinthes interminables qui ponctuaient votre exploration, le monde est désormais agréable à parcourir et plus vivant que jamais grâce aux innombrables petites touches que nous lui apportons.","Una rivisitazione di MOTHER con contenuti e modifiche tutti nuovi e una grafica rimasterizzata. La colonna sonora presenta sia rifacimenti dei brani originali che pezzi nuovi di zecca! Anche il sistema di battaglia è stato ricostruito da zero per donare a ogni scontro un’esperienza più raffinata. La storia aggiunge più profondità ai personaggi che ami, le mappe non hanno più vicoli ciechi o strutture labirintiche e innumerevoli altre piccole chicche danno nuova vita al mondo di gioco.","* 初代MOTHERのリメイク
* まったく新しいコンテンツ、調整、リマスターされたドット絵
* サウンドトラックは、リメイク曲と新曲を備えている
* バトルシステムも一から作り直し、より洗練されたバトルが体験可能に！
* より濃厚なストーリーとさらに深みのあるキャラクター
* マップには行き止まりや迷路がなく、世界に命を吹き込むような細かな演出が随所に散りばめられている","완전히 새로워진 MOTHER를 상상해 보세요.
* 새로운 콘텐츠와 리마스터 된 그래픽
* 원작의 분위기를 유지하면서도 세련된 사운드트랙
* 더 나은 경험을 위해 재구성된 배틀 시스템
* 막다른 골목이나 성가신 미로가 없는 살아 숨 쉬는 듯이 디테일한 맵
* 깊이를 더한 스토리","Una reimaginación de MOTHER con nuevo contenido, retoques y gráficos remasterizados. La banda sonora incluye canciones del juego original y piezas totalmente nuevas. El sistema de batalla también se ha creado desde cero para que cada combate sea una experiencia más pulida. La historia añade más profundidad a los personajes que amas. El mapa no tiene callejones sin salida ni laberintos molestos, y el mundo está lleno de innumerables pequeños detalles que le dan vida al mundo.","Uma reimaginação de MOTHER com conteúdo completamente novo, melhorias e visuais aprimorados. A trilha sonora inclui músicas refeitas do jogo original, além de faixas totalmente inéditas! O sistema de batalha também foi refeito do zero para dar mais fluidez à jogabilidade. A história se aprofunda mais nos personagens que você ama, os mapas não têm mais becos sem saída ou labirintos chatos, e o mundo é cheio de pequenos detalhes que dão vida à América.","Odświeżona wersja gry MOTHER z zupełnie nową zawartością, poprawkami i zremasterowaną oprawą wizualną. Ścieżka dźwiękowa zawiera rearanżacje z oryginalnej gry oraz zupełnie nowe utwory! System walki również został zbudowany od podstaw, aby każda bitwa była bardziej dopracowana. Opowieść dodaje więcej głębi postaciom, które kochasz. Mapy nie mają ślepych zaułków ani irytujących labiryntów, a świat pełen jest niezliczonych drobiazgów, które naprawdę ożywiają Amerykę.","Eine Neuinterpretation von MOTHER mit völlig neuen Inhalten, Optimierungen und überarbeiteter Grafik. Der Soundtrack enthält Remakes aus dem Originalspiel sowie brandneue Stücke! Das Kampfsystem wurde ebenfalls von Grund auf neu gestaltet, um jeden Kampf zu einem ausgefeilten Erlebnis zu machen. Die Geschichte verleiht den Charakteren die du liebst, mehr Tiefe. Die Karten haben keine Sackgassen oder lästige Labyrinthe, und die Welt ist mit unzähligen kleinen Details ausgestattet, die Amerika wirklich zum Leben erwecken.","Это переосмысление видеоигры MOTHER с новым контентом, улучшениями и обновлённой графикой. Саундтрек, помимо ремиксов музыки из оригинальной игры, включает в себя ещё и несколько новых треков! Боевая система была создана с нуля, дабы каждая битва была ещё более проработанной и интересной, а сюжет теперь придаёт больше глубины вашим любимым персонажам. На картах нет тупиков или надоедающих лабиринтов, а мир наполнен бесчисленными деталями, которые по-настоящему оживят Америку!","Це — переосмислення відеогри MOTHER з новим змістом, покращеннями та оновленою графікою. Саундтрек, окрім реміксів треків з оригінальної гри, має зовсім нову музику! Система боїв перероблена з нуля, щоб кожна битва була цікавішою, а сюжет додає нової глибини улюбленим персонажам. На мапах немає глухих кутів чи набридливих лабіринтів, а світ заповнений нескінченними малими штрихами, що справді оживляють Америку!",""
"SITE_ABOUT_BODY_2","Originally beginning as the “MOTHER 30th Anniversary edition”, The scope of the project expanded to the point of becoming no longer a straight remake, but instead becoming a reimagining that intends to redesign the game for returning and new players alike!","Initié sous le nom de « MOTHER 30th Anniversary Edition », le projet a pris de l’ampleur au point de ne plus être un simple remake, mais plutôt une réinterprétation complète du jeu à l’attention des anciens joueurs et des nouveaux venus !","Originariamente nato come “MOTHER: Edizione per il 30º anniversario”, poi la portata del progetto si è ampliata ben oltre il semplice remake, fino a diventare una rivisitazione con lo scopo di riprogettare il gioco sia per i veterani che per i nuovi giocatori!","当初は「MOTHER30周年記念エディション」として開発されましたが、後にリマスター以上の、新旧のプレイヤーが共に楽しんでもらえるようなリメイクとして進化を果たしました！","《MOTHER 30th Anniversary Edition》로 시작된 이 프로젝트는 리마스터를 넘어 많은 유저들에게 새로운 경험을 줄 수 있는 리메이크로 확장됐습니다.","El proyecto, que originalmente comenzó como “MOTHER 30th Anniversary Edition” se amplió hasta el punto de dejar de ser un simple remake para convertirse en una reimaginación que pretende rediseñar el juego tanto para los jugadores veteranos como los venideros.","Iniciado originalmente como “MOTHER Edição de 30º Aniversário”, a premissa do projeto expandiu tanto que deixou de ser um remake direto e tornou-se uma reimaginação que busca recriar o jogo tanto para jogadores novos quanto para os veteranos!","Pierwotnie opracowywana jako „MOTHER 30th Anniversary Edition”, zakres projektu rozszerzył się do tego stopnia, że nie jest już prostym remakiem, ale zamiast tego staje się nowym wyobrażeniem, które zamierza przeprojektować grę zarówno dla weteranów, jak i nowych graczy!","Ursprünglich als ""MOTHER 30th Anniversary Edition"" gestartet, hat sich der Umfang des Projekts so weit ausgeweitet, dass es sich nicht mehr um ein reines Remake handelt, sondern um eine Neuinterpretation, die das Spiel sowohl für alte als auch für neue Spieler neu gestalten soll!","Изначально проект создавался как MOTHER 30th Anniversary edition, но его рамки расширились настолько, что он из простого ремейка превратился в переосмысление, цель которого — привлечь внимание как ветеранов, так и новых игроков!","Спочатку проект створювався як ""MOTHER 30th Anniversary edition"", але його рамки розширилися настільки, що він із простого рімейку перетворився на переосмислення, мета якого — привернути увагу як ветеранів, так і нових гравців!",""
"SITE_ABOUT_BODY_3","The game started development in RPG MAKER VX ACE. This engine allowed for easy development at first but once became troublesome when trying to execute our more ambitious plans. The game was then rebuilt in Godot and within a few months has already far exceeded the original RPG MAKER version. This change to Godot and leaving the code open source also leaves the game open to community-made ports to other systems. Many advanced effects that were impossible to do originally now shine on Godot.","Le développement du jeu a commencé sous RPG MAKER VX ACE. Ce moteur est simple d’utilisation, mais il a fini par s’avérer trop limité pour nous permettre de concrétiser nos plans amitieux. Le jeu a ensuite été refait sous Godot, et en l’espace de quelques mois, il surpassait déjà de loin la version originale sous RPG MAKER. C’est grâce à ce passage à Godot et à notre choix de publier le code source que les membres de la communauté pourront librement porter le jeu vers d’autres systèmes. Enfin, de nombreux effets visuels avancés qui étaient impossibles à réaliser au départ peuvent désormais s’exprimer pleinement sous Godot.","Lo sviluppo del gioco cominciò su RPG MAKER VX ACE. All’inizio questo motore consentì uno sviluppo semplice, ma iniziò a complicarsi quando i nostri piani si fecero più ambiziosi. Il gioco è stato quindi ricostruito in Godot e nel giro di pochi mesi aveva già superato di gran lunga la versione originale su RPG MAKER. Il passaggio a Godot e la scelta di lasciare il codice open source è utile anche per permettere alla community di portare il titolo su altre piattaforme. Molti effetti avanzati che erano impossibili da realizzare all’inizio, adesso splendono su Godot.","このゲームはRPG MAKER VX ACEで開発がスタートされました。このエンジンは、当初は開発しやすいものでありましたが、より大きな要素を実行しようとすると、開発が困難になりました。その後、このゲームはGodotで再構築され、数ヶ月のうちにオリジナルのRPG MAKER版をはるかに超えるものに進化しました。このGodotへの変更とコードのオープンソース化により、このゲームはコミュニティによる他システムへの移植にも可能になりました。元々不可能だった多くの高度なエフェクトが、Godot上で実現できました。","프로젝트 초기에는 RPG MAKER VX ACE로 개발되었습니다. 개발하기 쉽다는 장점이 있었지만 꿈을 이루기에는 부족했고 Godot으로 엔진을 변경했습니다. 그리고 단 몇 달 만에 기존 RPG MAKER 버전을 뛰어넘는 결과를 얻게 되며, 기존에는 불가능했던 것들도 Godot에서는 전부 가능해졌습니다. 또한 오픈 소스화 되면서 다른 시스템에 이식도 가능해졌습니다.","El juego empezó su desarrollo en RPG MAKER VX ACE. Este motor permitió un desarrollo fácil al principio, pero se le empezaban a ver las costuras cuando intentamos ejecutar nuestros planes más ambiciosos. Fue ahí cuando se decidió reconstruir el juego en Godot y en pocos meses ha superado con creces a la versión original de RPG MAKER. Este cambio a Godot y dejar el código abierto también deja el juego abierto a ports a otros sistemas hechos por la comunidad. Muchos efectos avanzados que eran considerados imposibles de hacer ahora son posibles con Godot.","O jogo começou seu desenvolvimento no RPG Maker VX Ace. Esta ferramenta permitiu uma facilidade no desenvolvimento no início, mas se tornou problemática ao tentar executar nossos planos mais ambiciosos. O jogo então foi refeito em Godot e, em poucos meses, ultrapassou a qualidade da versão inicial de RPG Maker. A mudança para Godot e a decisão de deixar o código aberto permitirá que ports sejam criados pela comunidade para diferentes sistemas. Muitos efeitos avançados que antes eram impossíveis agora brilham no Godot.","Prace nad grą rozpoczęły się w RPG MAKER VX ACE. Silnik ten pozwolił na łatwy rozwój na początku, ale stał się kłopotliwy, gdy próbowaliśmy zrealizować nasze bardziej ambitne plany. Gra została następnie przebudowana na silniku Godot i w ciągu kilku miesięcy znacznie przewyższyła oryginalną wersję z RPG MAKER-a. Zmiana silnika i pozostawienie otwartego kodu źródłowego pozostawia również grę otwartą na porty tworzone przez społeczność na inne systemy. Wiele zaawansowanych efektów, które pierwotnie były niemożliwe do wykonania, teraz błyszczą dzięki Godot.","Die Entwicklung des Spiels begann im RPG MAKER VX ACE. Diese Engine ermöglichte anfangs eine einfache Entwicklung, wurde aber irgendwann problematisch, als wir versuchten, unsere ehrgeizigeren Pläne umzusetzen. Das Spiel wurde dann in Godot neu aufgebaut und hat innerhalb weniger Monate die ursprüngliche RPG MAKER-Version bereits weit übertroffen. Der Wechsel zu Godot und die Offenlegung des Quellcodes lassen das Spiel auch offen für Portierungen durch die Community auf andere Systeme. Viele fortgeschrittene Effekte, die ursprünglich nicht möglich waren, glänzen jetzt auf Godot.","Разработка игры началась на движке RPG MAKER VX ACE. Он очень прост в использовании, однако чем амбициознее становились наши цели, тем больше он начинал нас сковывать. Позже игра была воссоздана на Godot и всего спустя несколько месяцев превзошла изначальную версию, созданную на RPG MAKER. Переход на Godot и решение сделать исходный код открытым также позволяют остальным членам сообщества портировать игру на другие системы. А многие сложные визуальные эффекты, которые изначально было невозможно сделать на старом движке, теперь красуются в игре благодаря Godot.","Розробка гри розпочалася у RPG MAKER VX ACE. Спочатку цей ігровий движок відчутно полегшував розробку, але став проблематичним тоді, коли ми намагалися виконати наші більш амбіціозні плани. Гра потім була перероблена на Godot і перевершила оригінальну версію на RPG MAKER лише через декілька місяців. Перехід на Godot і відкриття вихідного коду дозволили створення купи фанатських портів на інші системи. Багато продвинутих візуальних ефектів, які раніше були неможливі, тепер блищать саме завдяки Godot.",""
"SITE_ABOUT_BODY_4","*Did we mention the game will be open source?* Players will be able to easily create mods and translations. You can also use the code for your own fangames! (Just credit us though.)","*On vous a dit que le jeu serait open source ?* Les joueurs pourront facilement créer des mods et des traductions. Vous pourrez aussi réutiliser notre code pour vos propres fangames ! (Pensez simplement à nous créditer.)","*Abbiamo detto che il gioco sarà open source?* I giocatori potranno creare facilmente mod e traduzioni. Potrai anche riutilizzare il codice per i tuoi giochi amatoriali! (Basta che ci citi)","※このゲームはオープンソースですので、あなた自身のファンゲームにコードを使用することもできます！（ただ、私たちをクレジットに入れてください。）","※이 게임은 오픈 소스이므로, 당신의 팬 게임에 해당 작품의 코드를 사용할 수 있습니다! (저희를 크레딧에 넣어만 주세요.)","*¿Hemos mencionado que el juego será de código abierto?* Los jugadores podrán crear mods y traducciones fácilmente. También podrás usar el código para tus propios fangames (tan solo danos crédito).","*Já mencionamos que o código do jogo é aberto?* Jogadores poderão criar mods e traduções para o jogo facilmente. Você também poderá usar o código para seus próprios jogos! (Só não se esqueça de dar créditos a nós.)","*Czy wspominaliśmy już, że gra będzie open source?* Gracze będą mogli łatwo tworzyć mody i tłumaczenia. Można także użyć kodu do własnych gier fanowskich! (Wystarczy tylko o nas dać znać.)","*Haben wir schon erwähnt, dass das Spiel Open Source sein wird?* Die Spieler können ganz einfach Mods und Übersetzungen erstellen. Sie können den Code auch für eigene Fangames verwenden! (Nennt uns aber als Quelle.)","*Мы уже говорили, что игра будет с открытым исходным кодом?* Игроки с лёгкостью смогут создавать свои модификации и переводы. Также вы сможете использовать код для собственных фан-игр! (Только не забудьте указать нас.)","*Чи ми вже згадували, що гра матиме вікдритий код?* Гравці зможуть з легкістю створювати моди і переклади. Також, ви можете скористатися кодом для створення власних фан-ігор! (Лише не забудьте згадати про нас.)",""
"SITE_ABOUT_REQ_OS","OS","Système d’exploitation","SISTEMA OPERATIVO","対応OS","운영체제","SO","SO","System operacyjny","System","Операционная система","ОПЕРАЦІЙНА СИСТЕМА",""
"SITE_ABOUT_REQ_OS_DETAILS","Windows 7 and upwards, macOS 10.12 and upwards, any version of Linux","Windows 7 et versions ultérieures, macOS 10.12 et versions ultérieures, Linux toutes versions","Windows 7 e successivi, MacOS 10.12 e successivi, qualsiasi versione di Linux","Windows 7以上、macOS 10.12以上、Linux全バージョン","Windows 7 버전 이상, MacOS 10.12 버전 이상, Linux 모든 버전","Windows 7 en adelante, macOS 10.12 en adelante, cualquier versión de Linux","Windows 7 ou mais novo, macOS 10.12 ou mais novo, qualquer versão do Linux","Windows 7 lub nowszy, macOS 10.12 lub nowszy, dowolna wersja Linuksa","Windows 7 und höher, MacOS 10.12 und höher, jede Version von Linux","Windows 7 и выше, macOS 10.12 и выше, любая версия Linux","Windows 7 і вище, macOS 10.12 і вище, будь-яка версія Linux",""
"SITE_ABOUT_REQ_RAM","RAM","RAM","RAM","RAM","메모리","RAM","RAM","Pamięć RAM","RAM","Оперативная память","ОПЕРАТИВНА ПАМ'ЯТЬ",""
"SITE_ABOUT_REQ_RAM_DETAILS","2 GB","2 Go","2 GB","2 GB","2GB RAM","2 GB","2GB","2 GB","2 GB","2 ГБ","2 ГБ",""
"SITE_ABOUT_REQ_VIDEO","VIDEO CARD","Carte graphique","SCHEDA GRAFICA","グラフィックボード","그래픽 카드","TARJETA DE VÍDEO","PLACA DE VÍDEO","Karta graficzna","Grafikkarte","Видеокарта","ВІДЕОКАРТА",""
"SITE_ABOUT_REQ_VIDEO_DETAILS","OpenGL 2.1","Compatible OpenGL 2.1","OpenGL 2.1","OpenGL 2.1","OpenGL 2.1","OpenGL 2.1","OpenGL 2.1","Kompatybilna z OpenGL 2.1","OpenGL 2.1","Совместимость с OpenGL 2.1","З підтримкою OpenGL 2.1",""
"SITE_ABOUT_REQ_LANGUAGES","Languages","Langues","Lingue","言語","언어","Idiomas","Idiomas","Języki","Sprachen","Языки","Мови",""
"SITE_ABOUT_REQ_LANGUAGES_DETAILS","English, Japanese, French, Spain Spanish, Latin American Spanish, Brazilian Portuguese, Italian, German, Polish, Ukrainian, Russian, Korean","Anglais, japonais, français, espagnol d’Espagne, espagnol d’Amérique latine, portugais brésilien, italien, allemand, polonais, ukrainien, russe, coréen","Inglese, giapponese, francese, spagnolo (Spagna), spagnolo (America), Portoghese brasiliano, italiano, tedesco, polacco, ucraino, russo, coreano","英語、日本語、フランス語、スペイン語（スペイン）、スペイン語（ラテンアメリカ）、ポルトガル語（ブラジル）、イタリア語、ドイツ語、ポーランド語、ウクライナ語、ロシア語、韓国語","영어, 일본어, 프랑스어, 유럽 스페인어, 라틴 아메리카 스페인어, 브라질 포르투갈어, 이탈리아어, 독일어, 폴란드어, 우크라이나어, 러시아어, 한국어","Inglés, japonés, francés, español castellano, español latino, portugués brasileño, italiano, alemán, polaco, ucranio, ruso, coreano","Inglês, japonês, francês, espanhol da Espanha, espanhol hispano-americano, português brasileiro, italiano, alemão, polonês, ucraniano, russo, coreano","Angielski, japoński, francuski, hiszpański z Hiszpanii, hiszpański z Ameryki, portugalski brazylijski, włoski, niemiecki, polski, ukraiński, rosyjski, koreański","Englisch, Japanisch, Französisch, Spanisch, Lateinamerikanisch, Brasilianisches Portugiesisch, Italienisch, Deutsch, Polnisch, Ukrainisch, Russisch, Koreanisch","Английский, японский, французский, испанский, испанский (Латинская Америка), бразильский португальский, итальянский, немецкий, польский, украинский, русский, корейский","Англійська, японська, французська, іспанська, іспанська (Латинська Америка), бразильська португальська, італьянська, німецька, польська, українська, російська, корейська",""
"SITE_ABOUT_MUSIC_TITLE","Music","Musique","Musica","音楽","음악","Música","Música","Muzyka","Musik","Музыка","Музика",""
"SITE_ABOUT_MUSIC_INTRO","Music has always been an important aspect to the MOTHER series, and that hasn’t changed here in the slightest. Each song from the original game is given a brand new arrangement to really suit the goal of reimagining the game, but there are some new pieces too. Travel around with rocking tunes such as The Paradise Line and Roving Tank, and fight against various foes of retro, unsettling, or even alien natures.","La musique a toujours été un élément important de la série MOTHER, et nous sommes bien décidés à perpétuer cette tradition. Chaque thème issu du premier MOTHER a droit à un tout nouvel arrangement, conformément à l’objectif de réinterprétation du jeu, mais de nouvelles compositions sont aussi au programme. Accompagnez votre exploration du monde de musiques rock’n’roll telles que The Paradise Line ou Roving Tank, et affrontez toutes sortes d’ennemis au look rétro, dérangeant ou carrément extra-terrestre.","La musica è sempre stata un elemento fondamentale della serie di MOTHER e continua a esserlo anche qui. Ogni brano del gioco originale gode di un nuovissimo arrangiamento che rispecchia perfettamente l’obiettivo di rivisitare il gioco, ma non mancano composizioni del tutto nuove. Viaggia per il mondo ascoltando pezzi forti come The Paradise Line e Roving Tank, e combatti nemici variegati dall’aspetto rétro, inquietante o persino alieno.","音楽はMOTHERシリーズにとって常に重要な要素であり、それは本作でも同じです。原作の各曲は、ゲームのリメイクという目標にぴったり合うよう、まったく新しいアレンジが施されていますが、新しい楽曲もいくつかあります。THE PARADISE LINEやTANKのようなロックな曲で冒険を進めて、レトロで不穏な、あるいは宇宙人のような様々な敵と戦いましょう。","음악은 MOTHER 시리즈에 있어 항상 중요한 부분이었고, 본 작품에서도 마찬가지입니다. 원작 곡들의 분위기를 유지하면서도 세련되게 어레인지 되었고, 새로운 음악도 포함돼 있습니다. THE PARADISE LINE이나 TANK 같은 록 음악을 포함한 다양한 장르의 음악을 들으며 모험을 떠나세요!","La música siempre ha sido un aspecto importante de MOTHER, y aquí no será excepción. Cada una de las canciones del juego original recibe un arreglo para adaptarse al objetivo de reimaginar el juego, pero también hay algunas piezas nuevas. Viaja con melodías rockeras como The Paradise Line y Roving Tank, y lucha contra varios enemigos de naturaleza retro, inquietante o incluso alienígena.","Música sempre foi um aspecto importante para a série MOTHER, e isso não mudou nem um pouco em nosso projeto. Todas as músicas originais receberam um novo arranjo para combinar com o intuito de reimaginar o jogo, mas também há algumas músicas inéditas. Viaje ao som de The Paradise Line e Roving Tank, e lute contra vários inimigos de natureza retrô, perturbadora ou até alienígena.","Muzyka zawsze była ważnym aspektem serii MOTHER i nie zmieniło się to w najmniejszym stopniu. Każdy utwór z oryginalnej gry otrzymał zupełnie nową aranżację, aby naprawdę pasowała do celu, jakim jest ponowne wyobrażenie sobie gry, ale jest też kilka nowych utworów. Podróżuj w rytm takich utworów jak The Paradise Line i Roving Tank i walcz z różnymi wrogami w stylu retro, niepokojącymi, a nawet obcymi.","Die Musik war schon immer ein wichtiger Aspekt der MOTHER-Serie und das hat sich auch hier nicht geändert. Jeder Song aus dem Originalspiel wurde neu arrangiert, um dem Ziel der Neuinterpretation des Spiels gerecht zu werden, aber es gibt auch einige neue Stücke. Reise mit rockigen Melodien wie ""The Paradise Line"" und ""Roving Tank"" umher und kämpfe gegen verschiedene Feinde, die nostalgisch, beunruhigend oder sogar außerirdisch sind.","Музыка всегда была неотъемлемой частью серии MOTHER, и наш проект не стал обходить её стороной. Каждый трек из оригинала получил новую аранжировку, подходящую под наше переосмысление игры, но также вы услышите и несколько новых треков. Путешествуйте по миру под такие заводные мелодии, как The Paradise Line и Roving Tank, а также сразитесь с разношёрстными противниками: одни в стиле ретро, вторые вызывают тревогу, а третьи — вообще с другой планеты!","Музика завжди була невід'ємною частиною серії ігор MOTHER, і у нашому проекті це ні краплі не змінилося. Кожен трек з оригіналу отримав власне аранжування, дійсно відповідаюче нашому переосмисленню гри; окрім цього з'явилися і нові композиції. Подорожуйте під такі запальні мелодії, як The Paradise Line і Roving Tank, а також боріться проти різних ворогів: одні — у стилі ретро, інші — моторошні, а деякі — взагалі інопланетні прибульці!",""
"SITE_ABOUT_MUSIC_CREDITS","Be sure to check out [Owen (@McThrillington)](https://twitter.com/McThrillington) and [Copper (@copperthejackal)](https://twitter.com/copperthejackal).","Retrouvez [Owen (@McThrillington)](https://twitter.com/McThrillington) et [Copper (@copperthejackal)](https://twitter.com/copperthejackal) sur Twitter.","Dai un’occhiata ai profili di [Owen (@McThrillington)](https://twitter.com/McThrillington) e [Copper (@copperthejackal)](https://twitter.com/copperthejackal).","[Owen (@McThrillington)](https://twitter.com/McThrillington)と[Copper (@copperthejackal)](https://twitter.com/copperthejackal)のSNSもぜひチェックしてください。","[Owen (@McThrillington)](https://twitter.com/McThrillington) 과 [Copper (@copperthejackal)](https://twitter.com/copperthejackal)의 SNS도 방문해 보세요.","No olvides visitar las cuentas de Twitter de [Owen (@McThrillington)](https://twitter.com/McThrillington) y [Copper (@copperthejackal)](https://twitter.com/copperthejackal).","Dê uma olhada nos trabalhos de [Owen (@McThrillington)](https://twitter.com/McThrillington) e [Copper (@copperthejackal)](https://twitter.com/copperthejackal).","Koniecznie sprawdź profil [Owena (@McThrillington)](https://twitter.com/McThrillington) i [Coppera (@copperthejackal)](https://twitter.com/copperthejackal).","Besuche unbedingt [Owen (@McThrillington)](https://twitter.com/McThrillington) und [Copper (@copperthejackal)](https://twitter.com/copperthejackal).","Обязательно загляните к [Owenʼу (@McThrillington)](https://twitter.com/McThrillington) и [Copperʼу (@copperthejackal)](https://twitter.com/copperthejackal).","Обов'язково загляньте до [Owenʼа (@McThrillington)](https://twitter.com/McThrillington) та [Copperʼа (@copperthejackal)](https://twitter.com/copperthejackal).",""
"SITE_ABOUT_MUSIC_OWEN_FACT","(Owen is currently accepting music commissions)","(Owen accepte actuellement les commissions pour des compositions)","(Owen al momento accetta commissioni musicali)","(Owenは現在作曲依頼を受け付けています）","(Owen은 현재 커미션을 받고 있습니다.)","(Actualmente, Owen está aceptando comisiones musicales)","(Owen está aceitando comissões de música no momento)","(Owen przyjmuje obecnie zlecenia muzyczne)","(Owen nimmt derzeitig Musikaufträge an)","(В данный момент Owen принимает заказы на музыку.)","(Owen нині приймає замовлення на музику)",""
"SITE_ABOUT_MUSIC_COPPER_FACT","(Check out CopperTheJackal’s game, Hypersomnia)","(Découvrez Hypersomnia, le jeu de CopperTheJackal)","(Dai un’occhiata a Hypersomnia, il gioco di CopperTheJackal)","(CopperTheJackalのゲーム「Hypersomnia」を見てみましょう)","(CopperTheJackal의 게임 Hypersomnia도 한번 살펴보세요.)","(Échale un vistazo a Hypersomnia, el juego de CopperTheJackal)","(Dê uma olhada no jogo de CopperTheJackal, Hypersomnia)","(Sprawdź grę Hypersomnia, nad którą pracuje CopperTheJackal)","(Schau dir auch CopperTheJackals Spiel ""Hypersomnia"" an)","(Взгляните на игру CopperTheJackalʼа — Hypersomnia.)","(Зверніть увагу на гру CopperTheJackalʼа — Hypersomnia)",""
"SITE_ABOUT_MUSIC_PLAYER","Your browser does not support the audio element.","Votre navigateur ne prend pas en charge la lecture audio.","Il tuo browser non supporta l’elemento audio.","お使いのブラウザはオーディオ要素をサポートしていません。","이 브라우저에서는 오디오 재생을 지원하지 않습니다.","Tu navegador no es compatible con este elemento de audio.","O seu navegador não é compatível com este elemento de áudio.","Twoja przeglądarka nie obsługuje elementu audio.","Dein Browser unterstützt das Audio-Element nicht.","Ваш браузер не поддерживает элемент аудио.","Ваш браузер не підтримує аудіо елемент.",""
"SITE_ABOUT_SONG_MOTHER_EARTH","Mother Earth","Mother Earth","Mother Earth","MOTHER EARTH","Mother Earth","Mother Earth","Mother Earth","Mother Earth","Mother Earth","Mother Earth","Mother Earth",""
"SITE_ABOUT_SONG_YOUR_NAME","Your Name Please","Your Name Please","Your Name Please","OKですか","Your Name Please","Your Name Please","Your Name Please","Your Name Please","Your Name Please","Your Name Please","Your Name Please",""
"SITE_ABOUT_SONG_HEROS_HOUSE","Hero’s House","Hero’s House","Hero’s House","MY HOME","Hero's House","Hero’s House","Hero’s House","Hero’s House","Hero’s House","Hero’s House","Hero’s House",""
"SITE_ABOUT_SONG_POLLYANNA","I Believe in You (Pollyanna)","I Believe in You (Pollyanna)","I Believe in You (Pollyanna)","POLLYANNA (I BELIEVE IN YOU)","Pollyanna (I Believe in You)","I Believe in You (Pollyanna)","I Believe in You (Pollyanna)","I Believe in You (Pollyanna)","I Believe in You (Pollyanna)","I Believe in You (Pollyanna)","I Believe in You (Pollyanna)",""
"SITE_ABOUT_SONG_BATTLE_FLIPPANT","Battle Against a Flippant Foe","Battle Against a Flippant Foe","Battle Against a Flippant Foe","BATTLE THEME1","Battle Against a Flippant Foe","Battle Against a Flippant Foe","Battle Against a Flippant Foe","Battle Against a Flippant Foe","Battle Against a Flippant Foe","Battle Against a Flippant Foe","Battle Against a Flippant Foe",""
"SITE_ABOUT_SONG_BATTLE_RETRO","Battle Against a Retro Enemy","Battle Against a Retro Enemy","Battle Against a Retro Enemy","BATTLE THEME3","Battle Against a Retro Enemy","Battle Against a Retro Enemy","Battle Against a Retro Enemy","Battle Against a Retro Enemy","Battle Against a Retro Enemy","Battle Against a Retro Enemy","Battle Against a Retro Enemy",""
"SITE_ABOUT_MUSIC_LINK","Listen to the full OST here!","Écoutez la bande-son complète ici !","Ascolta l’intera colonna sonora qui!","残りのOSTはこちらで聞けます！","여기서 전체 OST를 들어보세요!","¡Escucha toda la BSO aquí!","Escute a trilha sonora aqui!","Posłuchaj ścieżki dźwiękowej tutaj!","Vollständigen Soundtrack hier hören!","Послушайте весь саундтрек здесь!","Слухайте весь саундтрек тут!",""
"SITE_ABOUT_FAQ_TITLE","FAQ","Foire aux questions","Domande frequenti","FAQ","FAQ","Preguntas frecuentes","Perguntas Frequentes","Często zadawane pytania","FAQ","FAQ (Часто задаваемые вопросы)","FAQ (Популярні питання)",""
"SITE_ABOUT_FAQ_Q1","Is MOTHER: Encore an officially licensed Nintendo game?","Est-ce que MOTHER: Encore est un jeu sous licence officielle Nintendo ?","MOTHER: Encore è un gioco autorizzato ufficialmente da Nintendo?","MOTHER：Encoreは任天堂の公式ゲームですか？","MOTHER: Encore는 닌텐도의 정식 라이선스를 받은 게임인가요?","¿Es MOTHER: Encore un juego con licencia oficial de Nintendo?","MOTHER: Encore é um jogo licenciado oficialmente pela Nintendo?","Czy MOTHER: Encore jest oficjalnie licencjonowaną grą Nintendo?","Ist MOTHER: Encore ein offiziell lizenziertes Nintendo-Spiel?","MOTHER: Encore лицензирована компанией Nintendo?","Чи MOTHER: Encore офіційно ліцензована гра Nintendo?",""
"SITE_ABOUT_FAQ_A1","Nope! MOTHER: Encore is a fan made project, and is in no way affiliated, associated, authorized, endorsed by, or in any way officially connected with Nintendo, Shigesato Itoi, HAL Laboratory, Inc., or any of its subsidiaries or its affiliates! This is a fan game made by the fans, for the fans! It will always remain free because of that.","Pas du tout ! MOTHER: Encore est un projet réalisé par des fans. Il n’est nullement associé, soutenu, autorisé ou relié d’une quelconque façon à Nintendo, Shigesato Itoi, HAL Laboratory, Inc., ainsi que leurs filiales et partenaires ! Il s’agit d’un fan game, fait par les fans, pour les fans ! Et pour cette raison, il restera toujours gratuit.","No! MOTHER: Encore è un progetto amatoriale e non è in alcun modo affiliato, associato, autorizzato, approvato né ufficialmente collegato a Nintendo, Shigesato Itoi, HAL Laboratory, Inc. e a nessuna loro società sussidiaria o associata! È un gioco realizzato dai fan per i fan! Per questo motivo, sarà sempre gratuito.","いいえ！MOTHER：ENCOREはファンの二次創作ゲームであり、任天堂、糸井重里、HAL研究所、またはその子会社や関連会社とは一切関係ありません！これはファンによるファンのためのファンゲームです！そのため、常に無料になります。","아니요! MOTHER: Encore는 팬들의 2차 창작 게임이며 닌텐도, 이토이 시게사토, HAL 연구소 또는 그 자회사나 계열사와는 그 어떤 관계가 없습니다. 이 작품은 오직 팬들을 위해 만든 팬 게임입니다! 그렇기에 상시 무료 배포입니다.","¡No! MOTHER: Encore es un proyecto hecho por fans, y no está de ninguna manera afiliado, asociado, autorizado, respaldado o de alguna manera relacionado oficialmente con Nintendo, Shigesato Itoi, HAL Laboratory, Inc. o cualquiera de sus subsidiarias o filiales. Este es un juego hecho por y para fans, y por eso siempre será gratuito.","Não! MOTHER: Encore é um projeto feito por fãs, e não é de nenhuma forma afiliado, associado, autorizado, patrocinado ou conectado oficialmente à Nintendo, Shigesato Itoi, HAL Laboratory, Inc. ou a alguma das suas subsidiárias ou afiliadas. Este é um jogo feito de fãs para fãs! E sempre será gratuito por causa disso.","Nie! MOTHER: Encore to projekt tworzony przez fanów i nie jest w żaden sposób powiązany, zrzeszony, autoryzowany, wspierany ani w żaden sposób oficjalnie powiązany z Nintendo, Shigesato Itoi, HAL Laboratory, Inc. ani żadną z ich spółek zależnych lub stowarzyszonych! Jest to gra tworzona przez fanów dla fanów! Z tego powodu zawsze pozostanie darmowa.","Nix da! MOTHER: Encore ist ein von Fans gemachtes Projekt und ist in keiner Weise mit Nintendo, Shigesato Itoi, HAL Laboratory, Inc. oder einer ihrer Tochtergesellschaften sowie dazugehörigen Unternehmen verbunden, assoziiert, autorisiert, gebilligt oder in irgendeiner Weise offiziell mit ihnen zusammen! Dies ist ein Fan-Game, das von Fans für Fans gemacht wurde! Aus diesem Grund wird es auch immer kostenlos sein.","Никак нет! MOTHER: Encore — это фанатский проект, который не лицензирован, не ассоциирован, не авторизован и не одобрен Nintendo, Сигэсато Итои, HAL Laboratory, Inc. или какими-либо другими дочерними компаниями и аффилированными лицами и никаким образом с ними не связан. Это фан-игра, созданная фанатами для фанатов! И по этой причине она всегда будет бесплатной.","Зовсім ні! MOTHER: Encore — фанатський проєкт, і зовсім не пов'язаний, авторизований, схвалений, чи будь-яким чином підтриманий Nintendo, Сигесато Ітоєм, HAL Laboratory, Inc. або кимсь з їх дочірніх компаній чи афійілованих осіб! Це гра створена фанатами, для фанатів! Через це вона завжди буде безкоштовною.",""
"SITE_ABOUT_FAQ_Q2","Is this intended to replace Mother 1?","Est-ce que MOTHER: Encore a pour vocation de remplacer MOTHER 1 ?","MOTHER: Encore intende rimpiazzare MOTHER “1”?","これはMOTHER 1の代わりとなるものですか？","이 작품은 MOTHER 1을 대체하기 위한 작품인가요?","¿Está destinado a reemplazar a Mother 1?","Este jogo substitui MOTHER 1?","Czy ma to zastąpić Mother 1?","Soll dies Mother 1 ersetzen?","Должна ли она заменить Mother 1?","Чи повинна вона замінити Mother 1?",""
"SITE_ABOUT_FAQ_A2_1","No, since it’s a reimagining, there’s different game design philosophies at play. It’s extremely difficult, perhaps impossible to reimagine something and keep everything great about the original intact, especially when you aren’t the original creator.","Non. Puisque c’est une réinterprétation, le jeu a sa propre philosophie. C’est extrêmement difficile, voire impossible, de recréer une œuvre tout en gardant intactes toutes ses qualités d’origine, surtout quand on n’en est pas le créateur.","No. Dal momento che si tratta di una rivisitazione, è approcciato con una diversa filosofia di game design. È estremamente difficile, forse addirittura impossibile, reimmaginare qualcosa e lasciare intatti tutti i pregi del prodotto originale, soprattutto quando non sei il creatore originale.","いいえ、完全なリメイクなので、根本的なゲームデザインが異なります。特に原作者でない場合、何かをリメイクしながら、オリジナルの素晴らしさをそのまま残すのは不可能に近いです。","아닙니다, 완전한 리메이크이기 때문에 근본적인 게임 디자인이 다릅니다. 특히 원작자가 직접 만든 것이 아니라면 리메이크에서 원작의 훌륭함을 그대로 유지하는 것은 불가능에 가깝습니다.","No, al ser una reimaginación, hay diferentes filosofías de diseño en juego. Es extremadamente difícil, puede que imposible, reimaginar algo y mantener intacto todo lo bueno del original, sobre todo cuando no eres el creador original.","Não, já que este jogo é uma reimaginação, as filosofias de game design usadas são diferentes. É extremamente difícil, talvez até impossível, reimaginar algo e manter intacto o que fazia o original ser tão bom, principalmente se você não é o criador original.","Nie, ponieważ jest to nowe wyobrażenie, w grę wchodzą różne filozofie projektowania gier. Stworzenie czegoś na nowo i zachowanie wszystkiego, co najlepsze w oryginale, jest niezwykle trudne, a być może nawet niemożliwe, zwłaszcza gdy nie jest się twórcą oryginału.","Nein, da es sich um eine Neuinterpretation handelt, sind andere Design-Philosophien im Spiel. Es ist extrem schwierig, wenn nicht sogar unmöglich, etwas neu zu erfinden und alles, was an dem Original gut war, beizubehalten – vor allem, wenn man nicht der Schöpfer des Originals ist.","Нет: так как это переосмысление, здесь используется иная философия геймдизайна. Чрезвычайно сложно, если не невозможно интерпретировать что-то, сохранив при этом всё лучшее из оригинала в неизменном виде, если вы не являетесь напрямую его создателем.","Ні, так як це переосмислення, гра створюється з іншими поглядами. Дуже складно, якщо не неможливо по-новому уявити щось і залишити усе найкраще з оригіналу, особливо коли ти не автор оригіналу.",""
"SITE_ABOUT_FAQ_A2_3","We hope that you accept Encore as being something that compliments the original, not a replacement. Encore’s too different to be considered the “MOTHER: definitive edition.”","Nous espérons que vous accepterez de voir MOTHER: Encore comme un complément au jeu original, plutôt que comme un remplacement. Il est trop différent pour être considéré comme un « MOTHER: Definitive Edition ».","Speriamo che accoglierete MOTHER: Encore come un prodotto che complementa l’originale, non un rimpiazzo. Encore differisce troppo, non può essere considerato un’“edizione definitiva” di MOTHER.","MOTHER：ENCOREは原作と独立したものであり、代替物ではないことをご理解いただければと思います。こちらは「MOTHER：決定版」ではありません。","이 작품은 'MOTHER: 완전판'과는 거리가 멀기 때문에 대체물이 아님을 이해해 주시길 바랍니다.","Esperamos que Encore sea aceptado como un complemento del original, no un sustituto. Encore es demasiado diferente para ser considerado como “MOTHER: Definitive Edition”.","Esperamos que você aceite Encore como um complemento do original, não uma substituição. Encore é diferente demais para ser considerado um “MOTHER: Versão Definitiva”.","Mamy nadzieję, że zaakceptujesz Encore jako coś, co uzupełnia oryginał, a nie go zastępuje. Encore jest zbyt odmienne, by można go było uznać za „MOTHER: Definitive Edition”.","Wir hoffen, dass Encore als Ergänzung zum Original gesehen wird, nicht als Ersatz. Encore ist zu unterschiedlich, um als ""MOTHER: Definitive Edition"" bezeichnet zu werden.","Мы надеемся, что вы воспримете MOTHER: Encore как дань уважения оригиналу, а не как замену ему. Наш проект сильно отличается от оригинала и не может считаться чем-то вроде «MOTHER: Улучшенное издание».","Ми сподіваємося, що ви сприймете MOTHER: Encore як данину поваги оригіналу, а не як його заміну. Наш проект сильно відрізняється від оригіналу і не може вважатися ""MOTHER: Definitive Edition"".",""
"SITE_ABOUT_FAQ_Q3","Will the game be as difficult as the original?","Est-ce que le jeu sera aussi difficile que l’original ?","Questo gioco sarà difficile come l’originale?","難易度は原作と同じですか？","게임이 원작만큼 어려울까요?","¿El juego será tan difícil como el original?","O jogo será difícil que nem o original?","Czy gra będzie równie trudna jak oryginał?","Wird das Spiel so schwierig sein wie das Original?","Будет ли игра такой же сложной, как и оригинал?","Чи буде гра настільки ж важкою, як і оригінал?",""
"SITE_ABOUT_FAQ_A3","Nope, we’re rebalancing the game from the ground up.","Non, il sera intégralement rééquilibré.","No, stiamo ribilanciando il gioco dalle basi.","いいえ、ゲームバランスを一から見直しています。","아뇨, 난이도에 대해서는 재검토하고 있습니다.","No, vamos a rebalancear el juego desde cero.","Não, estamos reequilibrando o jogo do zero.","Nie, rebalansujemy grę od podstaw.","Nein, wir haben das Spiel von Grund auf neu ausbalanciert.","Нет, мы сделаем игру сбалансированной.","Ні, ми зробимо гру збалансованою.",""
"SITE_ABOUT_FAQ_Q4","What platforms will MOTHER: Encore be on?","Sur quelles plates-formes MOTHER: Encore sera-t-il disponible ?","Su che piattaforme sarà giocabile MOTHER: Encore?","MOTHER：Encoreの対応プラットフォームは何ですか？","MOTHER: Encore는 어떤 플랫폼을 지원하나요?","¿En qué plataformas estará disponible MOTHER: Encore?","Para quais plataformas MOTHER: Encore estará disponível?","Na jakie platformy trafi MOTHER: Encore?","Auf welchen Plattformen wird MOTHER: Encore erscheinen?","На каких платформах будет MOTHER: Encore?","На яких платформах буде MOTHER: Encore?",""
"SITE_ABOUT_FAQ_A4_1","It will only be officially available on Windows, Mac and Linux.","Le jeu sera disponible officiellement sous Windows, macOS et Linux.","Ufficialmente sarà disponibile solo su Windows, Mac e Linux.","正式にはWindows、Mac、Linuxのみです。","공식적으로 오직 Windows, Mac, Linux만 지원하고 있습니다.","Solo estará disponible oficialmente en Windows, Mac y Linux.","Estará disponível oficialmente para Windows, Mac e Linux.","Gra będzie oficjalnie dostępna tylko na Windowsa, Maca i Linuxa.","Es wird offiziell nur für Windows, Mac und Linux verfügbar sein.","Она будет официально доступна только на Windows, Mac и Linux.","Офіційно лише на Windows, Mac і Linux",""
"SITE_ABOUT_FAQ_A4_2","Since the game will be open source, the community could port the game to other systems! We’ll encourage as many fan-ports as possible!","Le jeu sera open source, donc la communauté pourra le porter sur d’autres systèmes ! Nous encourageons toutes les initiatives de portage.","Poiché il codice del gioco sarà open source, la community potrà potrare il gioco anche su altre piattaforme! Incoraggiamo quanti più porting possibili da parte dei fan!","このゲームはオープンソースなので、コミュニティが他のシステムに移植することも可能です！ご自由に移植してください！","하지만, 오픈 소스이기 때문에 다른 플랫폼으로 이식할 수 있습니다! 자유롭게 이식하세요!","Dado que el juego será de código abierto, la comunidad podrá hacer ports a otros sistemas. ¡Animaremos a los fans a que hagan tantos como sea posible!","Já que o código do jogo será livre, a comunidade pode fazer ports do jogo para os outros sistemas! Encorajaremos o máximo possível de ports feitos por fãs!","Ponieważ gra będzie open source, społeczność może robić porty na inne systemy! Będziemy zachęcać do jak największej liczby fanowskich portów!","Da das Spiel Open Source sein wird, kann die Community das Spiel auf andere Systeme portieren! Wir werden so viele Fan-Portierungen wie möglich unterstützen!","Поскольку игра будет с открытым исходным кодом, сообщество сможет портировать её на другие системы. Мы постараемся поощрять максимально возможное количество фанатских портов!","Оскільки гра матиме відкритий код, спільнота зможе робити порти гри на інші системи! Ми заохочуватимемо створення якнайбільшої кількості фанатських портів!",""
"SITE_ABOUT_FAQ_Q5","What version of town names will you be using? (i.e. Podunk or Mother’s Day)","Quelle version des noms de villes allez-vous utiliser ? (Podunk ou Mother’s Day, par exemple)","Quale versione dei nomi delle cità utilizzerete (es.: Podunk oppure Mother’s Day)?","町の名前はどのバージョンを使いますか？（例：ポダンク、マザーズデイ）","마을 이름은 무엇을 사용했나요? (예: 포덩크 / 마더즈데이)","¿Qué versión de los nombres de ciudades se utilizará? (por ejemplo, Podunk o Mother’s Day)","Que versão dos nomes das cidades vocês estarão usando? (Por exemplo, Podunk ou Dia das Mães?)","Jakiej wersji nazw miast będziecie używać? (np. Podunk czy Mother’s Day)","Welche Version von Stadtnamen wird verwendet werden? (z. B. Podunk oder Mother’s Day)","Какую локализацию названий городов вы будете использовать? К примеру, «Поданк» (англ.) или «День Матери» (яп.).","Яку локалізацію назв міст ви використовуватимете? Наприклад, «Поданк» (англ.) або «День Матері» (яп.).",""
"SITE_ABOUT_FAQ_A5","The Phil Sandhop Translation (Podunk).","Sur ce point, nous nous basons sur la traduction de Phil Sandhop, donc ce sera Podunk.","La traduzione di Phil Sandhop (Podunk).","日本語版は原作通り（マザーズデイ）。","원작의 일본어 명칭과 원작의 비공식 번역을 따라갔습니다. (마더즈데이)","La traducción de Phil Sandhop (Podunk).","Estaremos fazendo a nossa própria adaptação baseada nos nomes em japonês (Mother's Day, Thanksgiving, etc.)","Tłumaczenie Phila Sandhopa (Podunk).","Die Phil Sandhop Übersetzung. (Podunk).","Мы используем перевод Фила Сэндхопа («Поданк»).","Ми використовуємо переклад Філа Сендхопа («Поданк»).",""
"SITE_ABOUT_FAQ_Q6","How can I show my support?","Comment peut-on vous soutenir ?","Come posso supportarvi?","どうやって支援できますか？","어떻게 지원할 수 있나요?","¿Cómo puedo mostrar mi apoyo?","Como eu posso mostrar o meu apoio?","Jak mogę okazać swoje wsparcie?","Wie kann ich meine Unterstützung zeigen?","Как я могу вас поддержать?","Як я можу вас підтримати?",""
"SITE_ABOUT_FAQ_A6","We appreciate your willingness to support! You can show your support for us by spreading the word. Not too much though.","Nous apprécions votre volonté de nous soutenir ! Vous pouvez nous aider en faisant passer le message autour de vous. Mais avec modération, quand même.","Apprezziamo il tuo desiderio di supportarci! Ti saremmo grati se lo facessi diffondendo il verbo. Non troppo, però.","積極的なご支援に感謝いたします！MOTHER：ENCOREのことを他の方に広めていただけると幸いです。ただし、やりすぎにはご注意ください。","MOTHER: Encore를 주변 지인들에게 소개해 주시는 것만으로도 너무 감사드립니다! 너무 과하게는 말고요.","Apreciamos tu voluntad por apoyarnos. Puedes mostrar tu apoyo corriendo la voz. Pero no demasiado.","Nós apreciamos a sua vontade de apoiar o projeto! Você pode mostrar o seu apoio divulgando o jogo. Mas com moderação.","Doceniamy twoją chęć wsparcia! Możesz okazać nam swoje wsparcie poprzez rozpowszechnianie informacji. Ale nie za dużo.","Wir schätzen deine Bereitschaft zur Unterstützung! Du kannst Unterstützung zeigen, indem Du über uns redest. Natürlich nicht zu viel.","Мы рады, что вы хотите нас поддержать! И вы сможете это сделать, рассказав о MOTHER: Encore другим! Только не переусердствуйте.","Ми щасливі, що ви бажаєте нас підтримати! І ви зможете це зробити, розповівши про MOTHER: Encore іншим! Тільки не перестарайтеся.",""
"SITE_ABOUT_FAQ_Q7","When is the release date?","Quand est-ce que le jeu sortira ?","Qual è la data di pubblicazione?","リリース日はいつですか？","출시일은 언제인가요?","¿Cuándo saldrá el juego?","Quando o jogo será lançado?","Kiedy będzie premiera?","Wann ist der Veröffentlichungstermin?","Когда дата выхода?","Коли дата виходу?",""
"SITE_ABOUT_FAQ_A7","![IDK punchline meme starring Dumbledore](/Assets/Funny/idk.jpeg)","![Image mème faite à l’arrache avec Dumbledore qui dit « Aucune idée »](/Assets/Funny/idk_fr.jpeg)","🤷","さあ🤷","![몰?루](/Assets/Funny/idk_ko.jpeg)","![no c xd](/Assets/Funny/idk_es.jpeg)","![🤷](/Assets/Funny/idk_pt_BR.jpeg)","![W sumie nie wiem](/Assets/Funny/idk_pl.jpeg)","![Ich weiss es net brudi](/Assets/Funny/idk_de.jpeg)","![ХЗ](/Assets/Funny/idk_ru.jpeg)","![ХЗ](/Assets/Funny/idk_ru.jpeg)",""
"SITE_ABOUT_FAQ_Q8","Are you worried about receiving a DMCA from Nintendo?","Vous n’avez pas peur de recevoir une demande de retrait de Nintendo ?","Siete preoccupati di poter ricevere un DMCA da parte di Nintendo?","任天堂からのDMCAを受け取る心配はありませんか？","닌텐도에 DMCA를 받을 염려는 없나요?","¿Y si Nintendo manda una orden de...?","Vocês não estão com medo de receber uma notificação DMCA da Nintendo?","Martwicie się o otrzymanie DMCA od Nintendo?","Besteht Grund zur Sorge eine Unterlassungserklärung von Nintendo zu erhalten?","Боитесь ли вы получить от Nintendo за нарушение авт. прав?","Хвилюєтеся отримати DMCA від Nintendo?",""
"SITE_ABOUT_FAQ_A8","Not really.","Pas vraiment.","Non proprio.","特にありません。","없습니다.","No estamos preocupados por ello.","Não muito.","Ani trochę.","Nicht wirklich.","Не особо.","Не дуже.",""
"SITE_ABOUT_FAQ_Q9","Will Ninten have PK [favorite thing]?","Est-ce que Ninten pourra effectuer un PK [chose favorite] ?","Ninten potrà imparare Psico[cosa preferita]?","ニンテンにはPK[カッコいいとおもうもの]はありますか？","닌텐은 PK [멋지다고 생각하는 것]을 가지나요?","¿Tendrá Ninten un PK [cosa favorita]?","Ninten terá um PK [coisa favorita]?","Czy Ninten będzie miał PK [ulubiona rzecz]?","Wird Ninten PK-[Lieblingssache] haben?","Будет ли у Нинтена «ПК-[любимая вещь]»?","Чи матиме Нінтен «ПСИ [улюблена річ]»?",""
"SITE_ABOUT_FAQ_A9","No, but he will get a different offensive ability to make up for his lack of PSI attacks. The other party members will have new abilities too, but we don’t want to spoil what they are.","Non, mais il apprendra une autre capacité offensive en compensation. Les autres membres de l’équipe possèderont également de nouvelles capacités, mais nous préférons garder la surprise.","No, ma otterrà un’altra abilità offensiva per sopperire alla sua mancanza di attacchi PSI. Anche gli altri membri della squadra impareranno nuove abilità, ma non vogliamo farvi spoiler.","ありませんが、代わりに別の攻撃系PKを獲得します。他のキャラクターも新しい能力を獲得しますが、詳細はお楽しみにしてください。","아니요, 하지만 PSI 공격의 부족을 메우기 위해 닌텐은 다른 공격 능력을 얻을 겁니다. 다른 팀원들도 기존의 모습을 망치지 않는 선에서 새로운 능력을 갖추게 될 것입니다.","No, pero tendrá otra habilidad ofensiva para compensar su falta de ataques PSI ofensivos. Los otros miembros del equipo también tendrán nuevas habilidades, pero no queremos desvelarlas.","Não, mas daremos a ele outra habilidade ofensiva para compensar sua falta de ataques PSI. Os outros membros do grupo também ganharão habilidades novas, mas não queremos dar spoilers de quais serão.","Nie, ale otrzyma inną umiejętność ofensywną, która zrekompensuje mu brak ataków PSI. Reszta członków drużyny również otrzyma nowe zdolności, ale nie chcemy zdradzać, jakie.","Nein, aber er wird eine andere offensive Fähigkeit bekommen, um das Fehlen von PSI-Angriffen auszugleichen. Die anderen Gruppenmitglieder werden auch neue Fähigkeiten haben, aber wir wollen noch nicht verraten welche das sind.","Нет, но он получит другую атакующую способность, которая компенсирует у него отсутствие психоатак. У остальных членов команды также будут новые способности, о которых мы говорить пока что не будем.","Ні, але він отримає іншу атакувальну здібність, яка зкомпенсує його відсутніть ПСИ атак. Інші члени команди також отримають нові здібності, але ми не хочемо поки що про них розповідати.",""
"SITE_ABOUT_FAQ_Q10","Will Encore have Rhythm combos?","Est-ce qu’il y aura des combos rythmiques dans MOTHER: Encore ?","MOTHER: Encore avrà le combo ritmiche di MOTHER 3?","MOTHER：ENCOREにリズムバトルはありますか？","리듬 콤보가 나오나요?","¿Encore tendrá combos rítmicos?","Encore terá combos musicais?","Czy Encore będzie miał rytmiczne combosy?","Wird es in Encore Rhythmus-Kombinationen geben?","Будет ли у MOTHER: Encore механика ритм-комбо?","Чи буде у MOTHER: Encore механіка ритм-комбо?",""
"SITE_ABOUT_FAQ_A10","Nope, Mother Encore’s battle themes were not made with rhythm combos in mind.","Non, les thèmes de combat du jeu n’ont pas été composés dans cette perspective.","No, le musiche di battaglia di MOTHER: Encore non sono state composte contemplando le combo ritmiche.","いいえ、MOTHER：ENCOREにはありません。","아니요, 이 작품의 배틀 테마는 리듬 콤보를 염두하고 만든 것이 아닙니다.","No, los temas de batalla de Mother Encore no se hicieron con los combos rítmicos en mente.","Não, as músicas de batalha de MOTHER Encore não foram feitas com esse propósito em mente.","Nie, motywy bitewne Mother Encore nie zostały stworzone z myślą o rytmicznych combosach.","Nein, die Kampfthemen von Mother Encore wurden nicht mit Blick auf Rhythmuskombinationen entwickelt.","Не-а, музыка из битв MOTHER: Encore написана без учёта этой механики.","Ні, музика з битв у MOTHER: Encore написана без урахування цієї механіки.",""
"SITE_ABOUT_FAQ_Q11","Will this be playable on the GBA? Is this a romhack of Mother 3?","Est-ce qu’il sera jouable sur GBA ? Est-ce que c’est un romhack de Mother 3 ?","Sarà giocabile sul GBA? È una hack ROM di MOTHER 3?","これはGBA用ソフトですか？","GBA에서 실행되나요? MOTHER 3의 개조 롬인가요?","¿Se podrá jugar en GBA? ¿Es un romhack de Mother 3?","O jogo estará disponível no GBA? É uma romhack de MOTHER 3?","Będzie to grywalne na GBA? Czy to romhack Mother 3?","Wird das Spiel auf dem GBA spielbar sein? Ist es ein Romhack von Mother 3?","Получится ли в неё сыграть на Gameboy Advance? Это ромхак на Mother 3?","Чи вийде зіграти у це на Gameboy Advance? Це ромхак Mother 3?",""
"SITE_ABOUT_FAQ_A11","No, the game is being developed using Godot and will be released on pc. Besides, Mother 3 rom hacking isn’t nearly advanced enough considering Mother Encore’s ambition.","Non, le jeu est développé à l’aide de Godot et sortira sur PC. Par ailleurs, l’état de l’art en matière de romhacking de Mother 3 n’est pas assez avancé pour nous permettre de concrétiser nos ambitions.","No, il gioco è sviluppato su Godot e sarà pubblicato per computer. Oltre questo, il ROM hacking di MOTHER 3 non è sufficientemente avanzato da soddisfare le ambizioni di MOTHER: Encore.","いいえ、このゲームはPC用であり、Godotで開発されています。GBAでは機能しにくいものです。","아니요, 이 작품은 Godot으로 개발되고 있으며 PC로 출시될 예정입니다. 게다가 우리의 야망을 고려한다면 개조 롬이 좋은 방법은 아닐 겁니다.","No, el juego se está desarrollando con Godot y saldrá en PC. Además, la escena de romhacking de Mother 3 no es lo suficientemente avanzada tomando en cuenta la ambición de Mother Encore.","Não, o jogo está sendo desenvolvido usando Godot e será lançado para computadores. Além disso, romhacks de MOTHER 3 não são avançadas o suficiente, considerando a ambição de MOTHER: Encore.","Nie, gra jest tworzona przy użyciu silnika Godot i zostanie wydana na PC. Poza tym, romhacking Mother 3 nie jest zbytnio zaawansowany, biorąc pod uwagę ambicje Mother Encore.","Nein, das Spiel wird mit Godot entwickelt und wird auf dem PC veröffentlicht werden. Außerdem ist das Hacken der Mother 3-Rom nicht annähernd fortschrittlich genug, wenn man die Ambitionen von Mother Encore bedenkt.","Нет, игра разрабатывается на движке Godot и будет выпущена на ПК. К тому же, если учитывать амбициозность проекта MOTHER: Encore, ромхакинг Mother 3 ещё не настолько продвинут.","Ні, гра розробляється на движку Godot і буде випущена на ПК. До того ж ромхакінг Mother 3 ще не настільки просунутий, враховуючи амбітність проекту MOTHER: Encore.",""
"SITE_ABOUT_DL_TITLE","Download? But the game’s not done.","Télécharger ? Mais le jeu n’est pas terminé…","Download? Ma il gioco non è pronto.","ゲームは完成されていますか？","아직 게임이 완성되지 않았습니다.","¿Descarga? Pero si el juego no está terminado.","Download? Mas o jogo ainda não está pronto.","Można pobrać? Ale gra nie jest skończona.","Download? Aber das Spiel ist noch nicht fertig.","А что значит «скачать»? Игра же ещё не готова.","А що означає «завантажити»? Гра ще ж не готова.",""
"SITE_ABOUT_DL_INTRO_1","We plan on releasing the game in multiple Acts! Currently we have 2 Acts done, with 8 Acts planned in total. Each Act will be a simple content update that adds new areas onto the game so you can enjoy the entire game as a seamless experience. You can find downloads for the game on Itch.io.","On prévoit de sortir le jeu en plusieurs Actes ! Pour le moment, 2 Actes sur 8 sont terminés. Chaque Acte sera une mise à jour de contenu qui ajoute de nouveaux endroits au jeu pour que vous puissiez profiter de l'expérience du jeu sans interruption. Vous pouvez télécharger le jeu sur Itch.io.","Pianifichiamo di rilasciare il gioco in più Atti! Al momento abbiamo completato i primi 2 su un totale di 8. Ogni Atto sarà un aggiornamento che aggiungerà nuove aree al gioco, in modo tale che possiate godervelo man mano. Potete scaricare il gioco su itch.io.","はい、ゲーム本編はまだ完成していませんが、MOTHER：ENCOREチームはファンたちにACT 1を提供しました！過去数年間、このプロジェクトを支えてくださった皆様には感謝してもしきれません。","게임을 여러 장으로 나눠 출시할 계획입니다! 현재 2장까지 완료되었으며, 총 8개의 장으로 계획되어 있습니다. 각 장마다 새로운 지역을 추가하여 최종적으로 하나의 완성된 여정을 즐길 수 있습니다. 게임은 Itch.io를 통해 다운로드할 수 있습니다.","¡Planeamos lanzar el juego en múltiples actos! Ahora mismo contamos con 2 actos, con 8 planeados en total. Cada acto será una actualización de contenido que añadirá nuevas áreas al juego para que puedas disfrutar el juego de forma fluida. Podrás encontrar las descargas en Itch.io.","Planejamos lançar o jogo em vários Atos! No momento temos 2 Atos feitos, com 8 Atos planejados no total. Cada Ato será uma simples atualização de conteúdo que adicionará áreas novas no jogo para que possa aproveitá-lo de forma fluída. Você pode baixar o jogo na Itch.io.","Planujemy wydawać grę w postaci kilku aktów! Obecnie mamy gotowe 2 akty, a w sumie planujemy 8. Każdy akt będzie prostą aktualizacją zawartości, która wzbogaci grę o nowe tereny, dzięki czemu będziecie mogli cieszyć się całą grą jako spójną całością. Możecie ją pobrać na stronie Itch.io.","Wir planen, das Spiel in mehreren Akten zu veröffentlichen! Derzeit sind zwei Akte fertiggestellt, insgesamt sind acht Akte geplant. Jeder Akt wird ein einfaches Inhaltsupdate sein, das dem Spiel neue Bereiche hinzufügt, sodass ihr das gesamte Spiel als nahtloses Erlebnis genießen könnt. Die Downloads für das Spiel findet ihr auf Itch.io.","Мы планируем выпускать игру по актам! Сейчас готово два акта из запланированных восьми. В каждый новый акт, помимо нового контента, будут добавляться и новые области, чтобы вы могли сразу насладиться цельным игровым процессом. Вы можете скачать игру на Itch.io.","Ми плануємо випускати гру у актах! Наразі ми закінчили 2 акти, яких всього заплановано бути 8. Кожен акт буде звичайним оновленням, що додасть нові місця, щоб ви могли насолодитися безшовним ігровим процесом. Можете завантажити гру на Itch.io.",""
"SITE_ABOUT_DL_INTRO_2","For Windows, for Mac, for Linux and beyond, please enjoy Mother Encore!","Passez un excellent moment sur MOTHER: Encore pour Windows, macOS et Linux !","Per Windows, Mac, Linux e oltre. Godetevi MOTHER: Encore!","Windows、Mac、LinuxなどでMOTHER：ENCOREをお楽しみください！","Windows, Max, Linux로 MOTHER: Encore를 즐겨주세요!","Para Windows, para Mac, para Linux y más allá, ¡disfruta de Mother Encore!","Para Windows, Mac, Linux e além, divirta-se com MOTHER Encore!","Baw się dobrze z MOTHER: Encore na systemie Windows, Mac i Linux!","Für Windows, für Mac, für Linux und darüber hinaus, bitte genieße Mother Encore!","Насладитесь игрой в MOTHER: Encore на Windows, Mac и Linux!","Насолоджуйтеся MOTHER: Encore на Windows, Mac і Linux!",""
"SITE_ABOUT_DL_INTRO_3","The Act 1 build is available via the Encore Discord or Google Drive.","L’Acte 1 du jeu est disponible au téléchargement sur le serveur Discord de MOTHER: Encore et sur Google Drive.","L'Atto 1 è disponibile attraverso il server Discord di Encore e Google Drive.","ACT 1は公式DiscordまたはGoogle Driveから入手可能です。","1막 빌드는 디스코드 또는 구글 드라이브를 통해 다운받을 수 있습니다.","El Acto 1 está disponible a través del servidor de Discord de Encore o a través de Google Drive.","O Primeiro Ato está disponível pelo servidor do Discord do Encore ou pelo Google Drive.","Akt 1 dostępny na naszym serwerze Discord lub na Dysku Google.","Akt 1 ist über den Encore-Discord oder Google Drive verfügbar.","Акт 1 доступен на Discord-сервере MOTHER: Encore и Google Диске.","Акт 1 доступний на Discord-сервері MOTHER: Encore та Google Диску.",""
"SITE_ABOUT_DL_INTRO_4"," ","Il est jouable intégralement en français !","Completamente in italiano!","最後まで日本語でプレイ可能です！","완전한 한국어로 즐겨보세요!","¡Es completamente jugable tanto en castellano como en español latino!","Também está disponível completamente em português brasileiro!","Jest w całości dostępna po polsku!","Er ist vollständig auf Deutsch spielbar!","А ещё он полностью на русском языке!","I його повністю перекладено українською!",""
"SITE_ABOUT_DL_ITCHIO","Download on Itch.io!","Téléchargez le jeu sur Itch.io !","Scarica su itch.io!","","Itch.io에서 다운로드하세요!","¡Descárgalo en Itch.io!","Baixe no Itch.io!","Pobierz z Itch.io!","Download auf Itch.io!","Скачайте на Itch.io!","Завантажити на Itch.io!",""
"SITE_ABOUT_DL_DISCORD","Find the Act 1 build in the #Downloads chat","Téléchargez l’Acte 1 depuis le salon #Downloads","Trovi l'Atto 1 nel canale #downloads","ACT 1は#Downloadsチャンネルからアクセスしてください。","\#Downloads 채널에서 1막 빌드 다운로드","Encuentra el Acto 1 en el canal #Downloads","Você pode encontrar o Primeiro Ato no canal de chat #Downloads","Akt 1 znajdziesz na kanale #Downloads","Akt 1 findest du im Chat: #Downloads","Найдите акт 1 в канале #Downloads","Знайдіть акт 1 у каналі #Downloads",""
"SITE_ABOUT_DL_DRIVE","... or download it directly from our Drive","… ou directement sur notre Drive","...oppure puoi scaricarlo direttamente dal nostro Drive","もしくは、直接Google Driveからダウンロードできます。","...드라이브에서 직접 다운로드","...o descárgalo directamente desde nuestro Drive","...ou baixá-lo diretamente do nosso Drive","...lub pobierzesz bezpośrednio z naszego Dysku","... oder lade ihn direkt von unserem Drive herunter","...или скачайте напрямую из нашего Google Диска","...або скачайте безпосередньо з нашого Google Диску",""
"SITE_CREDITS_CREATOR","Project Creator","Créatrice du projet","Creatrice del progetto","プロジェクトクリエイター","프로젝트 생성자","Creadora del Proyecto","Criadora do Projeto","Twórczyni projektu","Projektgründerin","Автор проекта","Автор проекту",""
"SITE_CREDITS_DIRECTOR","Director","Directeur","Direttore","ディレクター","총괄","Director","Diretor","Reżyser","Regie","Режиссёр","Режисер",""
"SITE_CREDITS_PROGRAMMERS","Programmers","Programmeurs","Programmatori","プログラマー","프로그래머","Programadores","Programadores","Programiści","Programmierer","Программисты","Програмісти",""
"SITE_CREDITS_ARTISTS_NPC","NPC Sprite Artists","Graphisme PNJ","Artisti degli sprite degli NPC","NPCアーティスト","NPC 스프라이터","Artistas de sprite NPCs","Artistas de Sprites de NPCs","Artyści sprite’ów NPC","NPC-Sprites","Художники по неигровым персонажам","Художники спрайтів персонажів",""
"SITE_CREDITS_ANIM_CHARA","Character Animators","Animation des personnages","Animatori dei personaggi","キャラクターアニメーター","캐릭터 애니메이터","Animadores de personajes","Animadores de Personagens","Animatorzy postaci","Charakteranimatoren","Аниматоры персонажей","Аніматори персонажів",""
"SITE_CREDITS_ANIM_EFFECTS","Effects Animators","Animation des effets","Animatori degli effetti","エフェクトアニメーター","이펙트 애니메이터","Animadores de efectos","Animadores de Efeitos","Animatorzy efektów","Effektanimation","Дизайнеры визуальных эффектов","Аніматори візуальних ефектів",""
"SITE_CREDITS_ARTISTS_BATTLEBG","Battle Background Artists","Graphisme arrière-plans de combat","Artisti degli sfondi di battaglia","バトル背景アーティスト","전투 배경 아티스트","Artistas de fondos de batalla","Artistas de Fundo de Batalha","Artyści tła bitewnego","Kampfhintergründe","Дизайнеры фонов битв","Дизайнери фонів битв",""
"SITE_CREDITS_DESIGN_MAPS","Map Designers","Conception des terrains","Designer della mappa","マップデザイナー","맵 디자이너","Diseñadores del mapa","Designers de Mapa","Projektanci map","Level-Designer","Левел-дизайнеры","Левел-дизайнери",""
"SITE_CREDITS_ARTISTS_ILLUSTRATION","Illustration Artists","Illustrateurs","Illustratori","イラストレーター","일러스트레이터","Ilustradores","Ilustradores","Artyści ilustracji","Illustrationen","Иллюстраторы","Ілюстратори",""
"SITE_CREDITS_ARTISTS_CONCEPT","Concept Artists","Graphistes conceptuels","Concept artist","コンセプト・アーティスト","콘셉트 아티스트","Artistas conceptuales","Artistas Conceituais","Artyści koncepcyjni","Konzeptkünstler","Концепт-художники","Концепт-художники",""
"SITE_CREDITS_ARTISTS_PROMO","Promotional Artists","Graphistes publicitaires","Artisti promozionali","プロモーション・アーティスト","프로모션 아티스트","Artistas promocionales","Artistas Promocionais","Artyści promocyjni","Werbe-Illustrationen","Художники промо-материалов","Художники промо-матеріалів",""
"SITE_CREDITS_DESIGN_LOGO","Mother Encore Logo Designer","Création du logo de MOTHER: Encore","Designer del logo di MOTHER: Encore","MOTHER：ENCOREロゴデザイナー","Mother: Encore 로고 디자인","Diseñadora del logo de Mother Encore","Designer da Logo de Mother Encore","Projektantka logo Mother Encore","Mother Encore Logo-Designer","Дизайнер логотипа Mother: Encore","Дизайнер логотипу MOTHER: Encore",""
"SITE_CREDITS_WRITERS","Writers","Scénario et textes","Sceneggiatori","ライター","작가","Escritores","Escritores","Twórcy tekstów","Autoren","Сценаристы","Сценаристи",""
"SITE_CREDITS_MUSICIANS","Musicians","Musiciens","Compositori","ミュージシャン","음악가","Músicos","Músicos","Muzycy","Musik","Композиторы","Композитори",""
"SITE_CREDITS_SINGERS","Singers","Chanteurs","Cantanti","歌手","가수","Cantantes","Cantores","Piosenkarze","Sänger","Певцы","Співачи",""
"SITE_CREDITS_VOICE","Voice Actor","Voix anglaise","Doppiatore","声優","성우","Actor de voz","Dublador","Aktor głosowy","Synchronsprecher","Актёр озвучки","Актер озвучки",""
"SITE_CREDITS_TESTERS_BUGS","Bug Testers","Testeurs","Bug tester","QA","QA","Testers","Testers","Testerzy","Debugging-Tester","Тестировщики","Тестери",""
"SITE_CREDITS_TRANSLATION_MANAGER","Translation Manager","Responsable des traductions","Responsabile della localizzazione","翻訳マネージャ","번역 총괄","Gerente de traducción","Gerente de Tradução","Manager ds. tłumaczeń","Übersetzungsmanager","Менеджеры по переводам","Менеджер перекладів",""
"SITE_CREDITS_TRANSLATORS","Translators","Traducteurs","Localizzatori","翻訳者","번역","Traductores","Tradução","Tłumacze","Übersetzer","Переводчики","Перекладачі",""
"SITE_CREDITS_TRANSLATORS_TEAM","Team: ","Équipe : ","Team: ","チーム：","팀: ","Equipo: ","Equipe: ","Zespół: ","Team: ","Команда: ","Команда: ",""
"SITE_CREDITS_TRANSLATOR_JA","Japanese Translators","Traduction japonaise","Localizzazione giapponese","日本語翻訳者","일본어 번역가","Traducción al japonés","Tradutores Japoneses","Japońskie tłumaczenie","Japanische Übersetzer","Перевод на японский","Переклад на японську",""
"SITE_CREDITS_TRANSLATOR_FR","French Translators","Traduction française","Localizzazione francese","フランス語翻訳者","프랑스어 번역가","Traducción al francés","Tradutores Franceses","Francuskie tłumaczenie","Französische Übersetzer","Перевод на французский","Переклад на французську",""
"SITE_CREDITS_TRANSLATOR_IT","Italian Translators","Traduction italienne","Localizzazione italiana","イタリア語翻訳者","이탈리아어 번역가","Traducción al italiano","Tradutores Italianos","Włoskie tłumaczenie","Italienische Übersetzer","Перевод на итальянский","Переклад на італьянську",""
"SITE_CREDITS_TRANSLATOR_KO","Korean Translators","Traduction coréenne","Localizzazione coreana","韓国語翻訳者","한국어 번역가","Traducción al coreano","Tradutores Coreanos","Koreańskie tłumaczenie","Koreanische Übersetzer","Перевод на корейский","Переклад на корейську",""
"SITE_CREDITS_TRANSLATOR_ES","Latin American Spanish Translators","Traduction en espagnol d’Amérique latine","Localizzazione spagnola (America Latina)","スペイン語（ラテンアメリカ）翻訳者","라틴 아메리카 스페인어 번역가","Traducción al español latino","Tradutores Espanhol Latino","Hiszpańskie tłumaczenie (Ameryka Łacińska)","Lateinamerikanische Übersetzer","Перевод на испанский (Латинская Америка)","Переклад на іспанську (Латинська Америка)",""
"SITE_CREDITS_TRANSLATOR_ES_ES","European Spanish Translators","Traduction en espagnol d’Espagne","Localizzazione spagnola (Spagna)","スペイン語（スペイン）翻訳者","유럽 스페인어 번역가","Traducción al español castellano","Tradutores Espanhol Espanha","Hiszpańskie tłumaczenie (Hiszpania)","Spanische Übersetzer","Перевод на испанский","Переклад на іспанську",""
"SITE_CREDITS_TRANSLATOR_PT_BR","Brazilian Portuguese Translators","Traduction en portuguais brésilien","Localizzazione portoghese (Brasile)","ポルトガル語（ブラジル）翻訳者","브라질 포르투갈어 번역가","Traducción al portugués de Brasil","Tradutores Português Brasil","Portugalskie tłumaczenie (Brazylia)","Portugiesische Übersetzer","Перевод на бразильский португальский","Переклад на бразильську португальську",""
"SITE_CREDITS_TRANSLATOR_PL","Polish Translators","Traduction polonaise","Localizzazione polacca","ポーランド語翻訳者","폴란드어 번역가","Traducción al polaco","Tradutores Poloneses","Polskie tłumaczenie","Polnische Übersetzer","Перевод на польский","Переклад на польську",""
"SITE_CREDITS_TRANSLATOR_DE","German Translators","Traduction allemande","Localizzazione tedesca","ドイツ語翻訳者","독일어 번역가","Traducción al alemán","Tradutores Alemães","Niemieckie tłumaczenie","Deutsche Übersetzer","Перевод на немецкий","Переклад на німецьку",""
"SITE_CREDITS_TRANSLATOR_RU","Russian Translators","Traduction russe","Localizzazione russa","ロシア語翻訳者","러시아어 번역가","Traducción al ruso","Tradutores Russos","Rosyjskie tłumaczenie","Russische Übersetzer","Перевод на русский","Переклад на російську",""
"SITE_CREDITS_TRANSLATOR_UK","Ukrainian Translators","Traduction ukrainienne","Localizzazione ucraina","ウクライナ語翻訳者","우크라이나어 번역가","Traducción al ucraniano","Tradutores Ucranianos","Ukraińskie tłumaczenie","Ukrainische Übersetzer","Перевод на украинский","Переклад на українську",""
"SITE_CREDITS_FUN","Manager of Fun","Responsable du fun","Responsabile del divertimento","楽しさマネージャー","웃음 총괄","Gerente de diversión","Gerente da Diversão","Manager zabawy","Spaß-Manager","Менеджер веселья","Менеджер забав",""
"SITE_CREDITS_THANKS","Special Thanks","Remerciements","Ringraziamenti speciali","スペシャルサンクス","Special Thanks","Agradecimientos especiales","Agradecimentos Especiais","Specjalne podziękowania","Besonderer Dank","Особая благодарность","Особлива подяка",""
"SITE_CREDITS_THANKS_VERY","Very Special Thanks","Remerciements tout particuliers","Ringraziamenti molto speciali","ベリー・スペシャルサンクス","Very Special Thanks","Agradecimientos muy especiales","Agradecimentos Muito Especiais","Bardzo specjalne podziękowania","Ganz Besonderer Dank","От всей души благодарим","Від всього серця дякуємо",""
"SITE_CREDITS_NAME_FAN_TRANSL","The Mother 1 + 2 Fan Translation Team","La traduction amatrice anglaise de Mother 1 + 2","Il team di traduzione amatoriale di MOTHER 1+2","マザー1＋2ファン翻訳チーム","Mother 1 + 2 팬 번역팀","El equipo de la traducción fan de Mother 1 + 2","A Equipe da Fã-Tradução de Mother 1+2","Zespół fanów tłumaczy Mother 1 + 2","Das Mother 1 + 2 Fanübersetzungsteam","Команду фанатского перевода Mother 1 + 2","Команді фанатського перекладу Mother 1 + 2",""
"SITE_CREDITS_NAME_COMMUNITY","The Mother Community","La communauté Mother","La community di MOTHER","マザー・コミュニティ","Mother 커뮤니티","La comunidad de Mother","A Comunidade de Mother","Społeczność Mother","Die Mother Community","Сообщество фанатов Mother","Спільноті фанатів Mother",""
"SITE_CREDITS_NAME_DISCORD","The Mother Encore Discord Server","Le serveur Discord de MOTHER: Encore","Il server Discord di MOTHER: Encore","MOTHER：ENCORE・ディスコード・サーバー","Mother: Encore 디스코드 서버","El servidor de Discord de Mother Encore","O Servidor do Discord de Mother Encore","Serwer Discord Mother Encore","Der Discord-Server von Mother Encore","Discord-сервер Mother: Encore","Discord-серверу Mother: Encore",""
